Seq,Dia,Mes,Dia da Semana,Vendas ano anterior,Propaganda,Desconto,Promo,Fim de semana,Feriado,Evento,Vendas totais,Variacao,Camisetas lisas,Cam Estampadas,Vestidos ,Vestidos Estampados,Lencos,Masc Esporte,Masc Classica,Masc  MovSocial,Masc Mensagem,Masc Estilo,Cam E Esporte,Cam E Classica,Cam E MovSocial,Cam E Estilo,Cam E Esporte2,Cam E Inov,Faturamento Camisetas,Faturamento Vestidos,Faturamento lencos,Faturamento Mascaras,Faturamento novos produtos,Faturamento TOTAL,Partition,$R-Camisetas lisas
1.00,2020-01-01,jan,qua,162.00,10.00,10.00,1.00,0.00,1.00,0.00,331.00,29.296875,1.00,1.00,3.00,2.00,2.00,0.00,0.00,0.00,0.00,0.00,0.00,0.00,0.00,0.00,0.00,0.00,85.00,290.00,30.00,0.00,0.00,405.00,1_Training,3.00
2.00,2020-01-02,jan,qui,713.00,15.00,10.00,1.00,0.00,0.00,0.00,371.00,30.175439,6.00,7.00,8.00,7.00,7.00,0.00,0.00,0.00,0.00,0.00,0.00,0.00,0.00,0.00,0.00,0.00,565.00,915.00,105.00,0.00,0.00,1585.00,1_Training,8.00
3.00,2020-01-03,jan,sex,686.00,15.00,15.00,1.00,0.00,0.00,0.00,372.00,51.836735,7.00,8.00,7.00,8.00,7.00,0.00,0.00,0.00,0.00,0.00,0.00,0.00,0.00,0.00,0.00,0.00,650.00,960.00,105.00,0.00,0.00,1715.00,1_Training,8.00
4.00,2020-01-04,jan,sab,997.00,15.00,15.00,1.00,1.00,0.00,0.00,373.00,58.723404,9.00,8.00,10.00,9.00,8.00,0.00,0.00,0.00,0.00,0.00,0.00,0.00,0.00,0.00,0.00,0.00,710.00,1165.00,120.00,0.00,0.00,1995.00,2_Testing,8.00
5.00,2020-01-05,jan,dom,962.00,15.00,15.00,1.00,1.00,0.00,0.00,391.00,47.54717,8.00,9.00,9.00,8.00,10.00,0.00,0.00,0.00,0.00,0.00,0.00,0.00,0.00,0.00,0.00,0.00,735.00,1040.00,150.00,0.00,0.00,1925.00,1_Training,8.00
6.00,2020-01-06,jan,seg,646.00,15.00,15.00,1.00,0.00,0.00,0.00,370.00,55.462185,7.00,7.00,8.00,7.00,7.00,0.00,0.00,0.00,0.00,0.00,0.00,0.00,0.00,0.00,0.00,0.00,595.00,915.00,105.00,0.00,0.00,1615.00,1_Training,8.00
7.00,2020-01-07,jan,ter,845.00,15.00,15.00,1.00,0.00,0.00,0.00,367.00,52.282158,9.00,7.00,8.00,7.00,8.00,0.00,0.00,0.00,0.00,0.00,0.00,0.00,0.00,0.00,0.00,0.00,655.00,915.00,120.00,0.00,0.00,1690.00,1_Training,8.00
8.00,2020-01-08,jan,qua,605.00,15.00,15.00,1.00,0.00,0.00,0.00,391.00,52.734375,8.00,9.00,7.00,7.00,8.00,0.00,0.00,0.00,0.00,0.00,0.00,0.00,0.00,0.00,0.00,0.00,735.00,875.00,120.00,0.00,0.00,1730.00,1_Training,8.00
9.00,2020-01-09,jan,qui,698.00,15.00,15.00,1.00,0.00,0.00,0.00,420.00,49.466192,8.00,8.00,7.00,8.00,7.00,0.00,0.00,0.00,0.00,0.00,0.00,0.00,0.00,0.00,0.00,0.00,680.00,960.00,105.00,0.00,0.00,1745.00,1_Training,8.00
10.00,2020-01-10,jan,sex,680.00,15.00,15.00,1.00,0.00,0.00,0.00,381.00,50.00,8.00,8.00,8.00,7.00,7.00,0.00,0.00,0.00,0.00,0.00,0.00,0.00,0.00,0.00,0.00,0.00,680.00,915.00,105.00,0.00,0.00,1700.00,1_Training,8.00
11.00,2020-01-11,jan,sab,717.00,15.00,15.00,1.00,1.00,0.00,0.00,362.00,52.742616,8.00,10.00,9.00,9.00,9.00,0.00,0.00,0.00,0.00,0.00,0.00,0.00,0.00,0.00,0.00,0.00,790.00,1125.00,135.00,0.00,0.00,2050.00,1_Training,8.00
12.00,2020-01-12,jan,dom,915.00,15.00,10.00,0.00,1.00,0.00,0.00,315.00,31.799163,9.00,9.00,7.00,8.00,7.00,0.00,0.00,0.00,0.00,0.00,0.00,0.00,0.00,0.00,0.00,0.00,765.00,960.00,105.00,0.00,0.00,1830.00,1_Training,8.00
13.00,2020-01-13,jan,seg,534.00,10.00,10.00,0.00,0.00,0.00,0.00,316.00,31.120332,6.00,6.00,6.00,6.00,5.00,0.00,0.00,0.00,0.00,0.00,0.00,0.00,0.00,0.00,0.00,0.00,510.00,750.00,75.00,0.00,0.00,1335.00,2_Testing,6.60
14.00,2020-01-14,jan,ter,605.00,10.00,10.00,0.00,0.00,0.00,0.00,325.00,32.653061,5.00,5.00,5.00,6.00,5.00,0.00,0.00,0.00,0.00,0.00,0.00,0.00,0.00,0.00,0.00,0.00,425.00,710.00,75.00,0.00,0.00,1210.00,1_Training,6.60
15.00,2020-01-15,jan,qua,715.00,10.00,10.00,0.00,0.00,0.00,0.00,329.00,28.515625,7.00,7.00,7.00,7.00,8.00,0.00,0.00,0.00,0.00,0.00,0.00,0.00,0.00,0.00,0.00,0.00,595.00,875.00,120.00,0.00,0.00,1590.00,2_Testing,6.60
16.00,2020-01-16,jan,qui,486.00,10.00,10.00,0.00,0.00,0.00,0.00,357.00,25.263158,6.00,6.00,7.00,6.00,6.00,0.00,0.00,0.00,0.00,0.00,0.00,0.00,0.00,0.00,0.00,0.00,510.00,790.00,90.00,0.00,0.00,1390.00,2_Testing,6.60
17.00,2020-01-17,jan,sex,675.00,10.00,10.00,0.00,0.00,0.00,0.00,323.00,31.836735,6.00,6.00,6.00,6.00,6.00,0.00,0.00,0.00,0.00,0.00,0.00,0.00,0.00,0.00,0.00,0.00,510.00,750.00,90.00,0.00,0.00,1350.00,1_Training,6.60
18.00,2020-01-18,jan,sab,600.00,10.00,10.00,0.00,1.00,0.00,0.00,315.00,34.042553,8.00,8.00,8.00,7.00,8.00,0.00,0.00,0.00,0.00,0.00,0.00,0.00,0.00,0.00,0.00,0.00,680.00,915.00,120.00,0.00,0.00,1715.00,1_Training,6.60
19.00,2020-01-19,jan,dom,767.00,10.00,5.00,0.00,1.00,0.00,0.00,288.00,8.679245,7.00,6.00,7.00,7.00,8.00,0.00,0.00,0.00,0.00,0.00,0.00,0.00,0.00,0.00,0.00,0.00,540.00,875.00,120.00,0.00,0.00,1535.00,1_Training,6.60
20.00,2020-01-20,jan,seg,496.00,10.00,5.00,0.00,0.00,0.00,0.00,259.00,8.823529,7.00,6.00,5.00,5.00,5.00,0.00,0.00,0.00,0.00,0.00,0.00,0.00,0.00,0.00,0.00,0.00,540.00,625.00,75.00,0.00,0.00,1240.00,1_Training,6.60
21.00,2020-01-21,jan,ter,453.00,10.00,5.00,0.00,0.00,0.00,0.00,258.00,7.053942,7.00,6.00,6.00,5.00,6.00,0.00,0.00,0.00,0.00,0.00,0.00,0.00,0.00,0.00,0.00,0.00,540.00,665.00,90.00,0.00,0.00,1295.00,1_Training,6.60
22.00,2020-01-22,jan,qua,596.00,10.00,5.00,0.00,0.00,0.00,0.00,279.00,8.984375,5.00,5.00,5.00,7.00,7.00,0.00,0.00,0.00,0.00,0.00,0.00,0.00,0.00,0.00,0.00,0.00,425.00,795.00,105.00,0.00,0.00,1325.00,2_Testing,6.60
23.00,2020-01-23,jan,qui,498.00,10.00,5.00,0.00,0.00,0.00,0.00,311.00,10.676157,7.00,6.00,5.00,7.00,6.00,0.00,0.00,0.00,0.00,0.00,0.00,0.00,0.00,0.00,0.00,0.00,540.00,795.00,90.00,0.00,0.00,1425.00,1_Training,6.60
24.00,2020-01-24,jan,sex,534.00,10.00,5.00,0.00,0.00,0.00,0.00,282.00,11.023622,5.00,5.00,6.00,7.00,5.00,0.00,0.00,0.00,0.00,0.00,0.00,0.00,0.00,0.00,0.00,0.00,425.00,835.00,75.00,0.00,0.00,1335.00,1_Training,6.60
25.00,2020-01-25,jan,sab,730.00,10.00,5.00,0.00,1.00,0.00,0.00,255.00,7.594937,6.00,7.00,7.00,6.00,7.00,0.00,0.00,0.00,0.00,0.00,0.00,0.00,0.00,0.00,0.00,0.00,565.00,790.00,105.00,0.00,0.00,1460.00,1_Training,6.60
26.00,2020-01-26,jan,dom,670.00,10.00,5.00,0.00,1.00,0.00,0.00,269.00,12.552301,7.00,8.00,6.00,8.00,7.00,0.00,0.00,0.00,0.00,0.00,0.00,0.00,0.00,0.00,0.00,0.00,650.00,920.00,105.00,0.00,0.00,1675.00,1_Training,6.60
27.00,2020-01-27,jan,seg,614.00,10.00,5.00,0.00,0.00,0.00,0.00,271.00,12.448133,6.00,7.00,5.00,6.00,6.00,0.00,0.00,0.00,0.00,0.00,0.00,0.00,0.00,0.00,0.00,0.00,565.00,710.00,90.00,0.00,0.00,1365.00,2_Testing,6.60
28.00,2020-01-28,jan,ter,584.00,10.00,5.00,0.00,0.00,0.00,0.00,269.00,9.795918,6.00,6.00,7.00,7.00,5.00,0.00,0.00,0.00,0.00,0.00,0.00,0.00,0.00,0.00,0.00,0.00,510.00,875.00,75.00,0.00,0.00,1460.00,2_Testing,6.60
29.00,2020-01-29,jan,qua,437.00,10.00,5.00,0.00,0.00,0.00,0.00,275.00,7.421875,6.00,6.00,6.00,5.00,5.00,0.00,0.00,0.00,0.00,0.00,0.00,0.00,0.00,0.00,0.00,0.00,510.00,665.00,75.00,0.00,0.00,1250.00,1_Training,6.60
30.00,2020-01-30,jan,qui,532.00,10.00,5.00,0.00,0.00,0.00,0.00,308.00,9.608541,7.00,7.00,6.00,7.00,6.00,0.00,0.00,0.00,0.00,0.00,0.00,0.00,0.00,0.00,0.00,0.00,595.00,835.00,90.00,0.00,0.00,1520.00,1_Training,6.60
31.00,2020-01-31,jan,sex,565.00,10.00,5.00,0.00,0.00,0.00,0.00,283.00,11.417323,7.00,8.00,7.00,7.00,6.00,0.00,0.00,0.00,0.00,0.00,0.00,0.00,0.00,0.00,0.00,0.00,650.00,875.00,90.00,0.00,0.00,1615.00,1_Training,6.60
32.00,2020-02-01,fev,sab,694.00,15.00,2.00,1.00,1.00,0.00,0.00,235.00,-0.843882,9.00,9.00,8.00,9.00,9.00,0.00,0.00,0.00,0.00,0.00,0.00,0.00,0.00,0.00,0.00,0.00,765.00,1085.00,135.00,0.00,0.00,1985.00,1_Training,8.00
33.00,2020-02-02,fev,dom,726.00,12.00,2.00,1.00,1.00,0.00,0.00,285.00,0.00,8.00,7.00,8.00,9.00,7.00,0.00,0.00,0.00,0.00,0.00,0.00,0.00,0.00,0.00,0.00,0.00,625.00,1085.00,105.00,0.00,0.00,1815.00,1_Training,8.00
34.00,2020-02-03,fev,seg,782.00,18.00,2.00,1.00,0.00,0.00,0.00,255.00,4.081633,8.00,9.00,8.00,9.00,9.00,0.00,0.00,0.00,0.00,0.00,0.00,0.00,0.00,0.00,0.00,0.00,735.00,1085.00,135.00,0.00,0.00,1955.00,1_Training,8.00
35.00,2020-02-04,fev,ter,792.00,12.00,2.00,1.00,0.00,0.00,0.00,234.00,-0.425532,6.00,8.00,7.00,7.00,6.00,0.00,0.00,0.00,0.00,0.00,0.00,0.00,0.00,0.00,0.00,0.00,620.00,875.00,90.00,0.00,0.00,1585.00,2_Testing,8.00
36.00,2020-02-05,fev,qua,690.00,12.00,2.00,0.00,0.00,0.00,0.00,258.00,0.00,7.00,7.00,6.00,7.00,7.00,0.00,0.00,0.00,0.00,0.00,0.00,0.00,0.00,0.00,0.00,0.00,595.00,835.00,105.00,0.00,0.00,1535.00,2_Testing,8.00
37.00,2020-02-06,fev,qui,885.00,16.00,2.00,1.00,0.00,0.00,0.00,239.00,0.420168,7.00,7.00,9.00,8.00,9.00,0.00,0.00,0.00,0.00,0.00,0.00,0.00,0.00,0.00,0.00,0.00,595.00,1040.00,135.00,0.00,0.00,1770.00,1_Training,8.00
38.00,2020-02-07,fev,sex,719.00,20.00,2.00,1.00,0.00,0.00,0.00,261.00,8.298755,10.00,9.00,9.00,9.00,9.00,0.00,0.00,0.00,0.00,0.00,0.00,0.00,0.00,0.00,0.00,0.00,795.00,1125.00,135.00,0.00,0.00,2055.00,1_Training,11.666667
39.00,2020-02-08,fev,sab,1026.00,22.00,2.00,1.00,1.00,0.00,0.00,274.00,7.03125,11.00,10.00,10.00,10.00,10.00,0.00,0.00,0.00,0.00,0.00,0.00,0.00,0.00,0.00,0.00,0.00,880.00,1250.00,150.00,0.00,0.00,2280.00,2_Testing,11.666667
40.00,2020-02-09,fev,dom,999.00,25.00,8.00,1.00,1.00,0.00,0.00,371.00,32.02847,12.00,13.00,12.00,13.00,13.00,0.00,0.00,0.00,0.00,0.00,0.00,0.00,0.00,0.00,0.00,0.00,1075.00,1585.00,195.00,0.00,0.00,2855.00,1_Training,11.666667
41.00,2020-02-10,fev,seg,679.00,15.00,8.00,1.00,0.00,0.00,0.00,317.00,24.80315,9.00,9.00,9.00,8.00,9.00,0.00,0.00,0.00,0.00,0.00,0.00,0.00,0.00,0.00,0.00,0.00,765.00,1040.00,135.00,0.00,0.00,1940.00,1_Training,8.00
42.00,2020-02-11,fev,ter,635.00,13.00,8.00,1.00,0.00,0.00,0.00,296.00,24.894515,8.00,8.00,8.00,8.00,9.00,0.00,0.00,0.00,0.00,0.00,0.00,0.00,0.00,0.00,0.00,0.00,680.00,1000.00,135.00,0.00,0.00,1815.00,1_Training,8.00
43.00,2020-02-12,fev,qua,985.00,17.00,8.00,1.00,0.00,0.00,0.00,302.00,26.359833,8.00,9.00,8.00,9.00,10.00,0.00,0.00,0.00,0.00,0.00,0.00,0.00,0.00,0.00,0.00,0.00,735.00,1085.00,150.00,0.00,0.00,1970.00,2_Testing,8.00
44.00,2020-02-13,fev,qui,658.00,11.00,8.00,1.00,0.00,0.00,0.00,288.00,19.502075,7.00,8.00,7.00,7.00,8.00,0.00,0.00,0.00,0.00,0.00,0.00,0.00,0.00,0.00,0.00,0.00,650.00,875.00,120.00,0.00,0.00,1645.00,1_Training,7.50
45.00,2020-02-14,fev,sex,960.00,13.00,8.00,1.00,0.00,0.00,0.00,309.00,26.122449,9.00,10.00,10.00,9.00,10.00,0.00,0.00,0.00,0.00,0.00,0.00,0.00,0.00,0.00,0.00,0.00,820.00,1165.00,150.00,0.00,0.00,2135.00,1_Training,8.00
46.00,2020-02-15,fev,sab,1252.00,17.00,8.00,1.00,1.00,0.00,0.00,330.00,28.404669,11.00,12.00,10.00,11.00,12.00,0.00,0.00,0.00,0.00,0.00,0.00,0.00,0.00,0.00,0.00,0.00,990.00,1335.00,180.00,0.00,0.00,2505.00,2_Testing,8.00
47.00,2020-02-16,fev,dom,1052.00,21.00,8.00,1.00,1.00,0.00,0.00,358.00,23.875433,13.00,12.00,12.00,11.00,11.00,0.00,0.00,0.00,0.00,0.00,0.00,0.00,0.00,0.00,0.00,0.00,1050.00,1415.00,165.00,0.00,0.00,2630.00,1_Training,11.666667
48.00,2020-02-17,fev,seg,963.00,20.00,5.00,0.00,0.00,0.00,0.00,268.00,16.017316,11.00,10.00,9.00,9.00,9.00,0.00,0.00,0.00,0.00,0.00,0.00,0.00,0.00,0.00,0.00,0.00,880.00,1125.00,135.00,0.00,0.00,2140.00,2_Testing,11.666667
49.00,2020-02-18,fev,ter,1194.00,26.00,5.00,0.00,0.00,0.00,0.00,289.00,23.504274,12.00,13.00,12.00,11.00,11.00,0.00,0.00,0.00,0.00,0.00,0.00,0.00,0.00,0.00,0.00,0.00,1075.00,1415.00,165.00,0.00,0.00,2655.00,2_Testing,11.666667
50.00,2020-02-19,fev,qua,750.00,14.00,5.00,0.00,0.00,0.00,0.00,270.00,12.033195,10.00,8.00,8.00,8.00,9.00,0.00,0.00,0.00,0.00,0.00,0.00,0.00,0.00,0.00,0.00,0.00,740.00,1000.00,135.00,0.00,0.00,1875.00,1_Training,8.00
51.00,2020-02-20,fev,qui,789.00,11.00,5.00,0.00,0.00,0.00,0.00,260.00,10.169492,8.00,8.00,9.00,7.00,8.00,0.00,0.00,0.00,0.00,0.00,0.00,0.00,0.00,0.00,0.00,0.00,680.00,955.00,120.00,0.00,0.00,1755.00,1_Training,7.50
52.00,2020-02-21,fev,sex,590.00,19.00,10.00,1.00,0.00,1.00,0.00,326.00,35.26971,7.00,7.00,7.00,6.00,6.00,0.00,0.00,0.00,0.00,0.00,0.00,0.00,0.00,0.00,0.00,0.00,595.00,790.00,90.00,0.00,0.00,1475.00,1_Training,8.00
53.00,2020-02-22,fev,sab,765.00,13.00,10.00,1.00,1.00,1.00,0.00,228.00,57.241379,8.00,7.00,8.00,6.00,5.00,0.00,0.00,0.00,0.00,0.00,0.00,0.00,0.00,0.00,0.00,0.00,625.00,830.00,75.00,0.00,0.00,1530.00,1_Training,8.00
54.00,2020-02-23,fev,dom,432.00,11.00,10.00,1.00,1.00,1.00,0.00,255.00,45.714286,5.00,6.00,6.00,5.00,6.00,0.00,0.00,0.00,0.00,0.00,0.00,0.00,0.00,0.00,0.00,0.00,480.00,665.00,90.00,0.00,0.00,1235.00,1_Training,3.00
55.00,2020-02-24,fev,seg,540.00,15.00,2.00,0.00,0.00,1.00,1.00,9.00,-10.00,3.00,4.00,5.00,6.00,4.00,0.00,0.00,0.00,0.00,0.00,0.00,0.00,0.00,0.00,0.00,0.00,310.00,710.00,60.00,0.00,0.00,1080.00,1_Training,3.333333
56.00,2020-02-25,fev,ter,562.00,20.00,2.00,0.00,0.00,1.00,1.00,27.00,80.00,5.00,6.00,4.00,5.00,4.00,0.00,0.00,0.00,0.00,0.00,0.00,0.00,0.00,0.00,0.00,0.00,480.00,585.00,60.00,0.00,0.00,1125.00,1_Training,3.333333
57.00,2020-02-26,fev,qua,915.00,18.00,2.00,0.00,0.00,0.00,1.00,135.00,8.00,8.00,9.00,10.00,9.00,9.00,0.00,0.00,0.00,0.00,0.00,0.00,0.00,0.00,0.00,0.00,0.00,735.00,1165.00,135.00,0.00,0.00,2035.00,1_Training,5.444444
58.00,2020-02-27,fev,qui,972.00,25.00,2.00,0.00,0.00,0.00,1.00,265.00,10.416667,10.00,12.00,11.00,10.00,12.00,0.00,0.00,0.00,0.00,0.00,0.00,0.00,0.00,0.00,0.00,0.00,960.00,1290.00,180.00,0.00,0.00,2430.00,1_Training,7.076923
59.00,2020-02-28,fev,sex,1095.00,22.00,2.00,0.00,0.00,0.00,1.00,257.00,7.983193,9.00,10.00,11.00,9.00,11.00,0.00,0.00,0.00,0.00,0.00,0.00,0.00,0.00,0.00,0.00,0.00,820.00,1205.00,165.00,0.00,0.00,2190.00,1_Training,7.076923
60.00,2020-02-29,fev,sab,1204.00,24.00,5.00,1.00,1.00,0.00,1.00,431.00,11.948052,13.00,13.00,13.00,14.00,13.00,0.00,0.00,0.00,0.00,0.00,0.00,0.00,0.00,0.00,0.00,0.00,1105.00,1710.00,195.00,0.00,0.00,3010.00,2_Testing,5.00
61.00,2020-03-01,mar,dom,485.00,20.00,2.00,1.00,1.00,0.00,1.00,247.00,2.489627,5.00,5.00,4.00,4.00,3.00,0.00,0.00,0.00,0.00,0.00,0.00,0.00,0.00,0.00,0.00,0.00,425.00,500.00,45.00,0.00,0.00,970.00,2_Testing,5.444444
62.00,2020-03-02,mar,seg,416.00,22.00,2.00,1.00,0.00,0.00,1.00,273.00,6.640625,4.00,4.00,5.00,4.00,3.00,0.00,0.00,0.00,0.00,0.00,0.00,0.00,0.00,0.00,0.00,0.00,340.00,540.00,45.00,0.00,0.00,925.00,1_Training,5.00
63.00,2020-03-03,mar,ter,660.00,25.00,8.00,1.00,0.00,0.00,1.00,365.00,29.893238,6.00,6.00,6.00,6.00,4.00,0.00,0.00,0.00,0.00,0.00,0.00,0.00,0.00,0.00,0.00,0.00,510.00,750.00,60.00,0.00,0.00,1320.00,2_Testing,5.00
64.00,2020-03-04,mar,qua,442.00,15.00,8.00,1.00,0.00,0.00,1.00,318.00,25.19685,4.00,4.00,4.00,4.00,3.00,0.00,0.00,0.00,0.00,0.00,0.00,0.00,0.00,0.00,0.00,0.00,340.00,500.00,45.00,0.00,0.00,885.00,1_Training,5.444444
65.00,2020-03-05,mar,qui,342.00,13.00,8.00,1.00,0.00,0.00,1.00,298.00,25.738397,3.00,4.00,4.00,4.00,3.00,0.00,0.00,0.00,0.00,0.00,0.00,0.00,0.00,0.00,0.00,0.00,310.00,500.00,45.00,0.00,0.00,855.00,1_Training,4.50
66.00,2020-03-06,mar,sex,400.00,17.00,8.00,1.00,0.00,0.00,1.00,308.00,28.870293,5.00,4.00,4.00,5.00,3.00,0.00,0.00,0.00,0.00,0.00,0.00,0.00,0.00,0.00,0.00,0.00,370.00,585.00,45.00,0.00,0.00,1000.00,1_Training,5.444444
67.00,2020-03-07,mar,sab,329.00,11.00,8.00,1.00,1.00,0.00,1.00,295.00,22.406639,4.00,5.00,4.00,4.00,3.00,2.00,2.00,0.00,1.00,1.00,0.00,0.00,2.00,0.00,0.00,0.00,395.00,500.00,45.00,62.00,90.00,1092.00,1_Training,4.50
68.00,2020-03-08,mar,dom,532.00,13.00,8.00,1.00,1.00,0.00,1.00,297.00,21.22449,4.00,5.00,5.00,5.00,3.00,7.00,8.00,6.00,8.00,7.00,2.00,2.00,9.00,1.00,0.00,0.00,395.00,625.00,45.00,352.00,590.00,2007.00,1_Training,4.50
69.00,2020-03-09,mar,seg,334.00,17.00,8.00,1.00,0.00,0.00,1.00,316.00,22.957198,5.00,4.00,5.00,4.00,3.00,7.00,8.00,9.00,8.00,8.00,3.00,2.00,9.00,1.00,0.00,0.00,370.00,540.00,45.00,397.00,625.00,1977.00,2_Testing,5.444444
70.00,2020-03-10,mar,ter,547.00,21.00,8.00,1.00,0.00,0.00,1.00,363.00,25.605536,5.00,5.00,5.00,5.00,3.00,8.00,9.00,10.00,10.00,9.00,3.00,3.00,11.00,2.00,1.00,1.00,425.00,625.00,45.00,447.00,880.00,2422.00,1_Training,6.333333
71.00,2020-03-11,mar,qua,470.00,20.00,5.00,0.00,0.00,0.00,1.00,278.00,20.34632,4.00,5.00,4.00,4.00,3.00,9.00,9.00,8.00,9.00,9.00,3.00,2.00,11.00,1.00,1.00,0.00,395.00,500.00,45.00,431.00,750.00,2121.00,1_Training,5.444444
72.00,2020-03-12,mar,qui,537.00,26.00,5.00,0.00,0.00,0.00,1.00,296.00,26.495726,5.00,5.00,5.00,6.00,4.00,8.00,7.00,8.00,9.00,9.00,3.00,3.00,10.00,1.00,1.00,0.00,425.00,710.00,60.00,390.00,735.00,2320.00,1_Training,7.076923
73.00,2020-03-13,mar,sex,398.00,14.00,5.00,0.00,0.00,0.00,1.00,271.00,12.448133,4.00,4.00,4.00,4.00,3.00,11.00,12.00,11.00,12.00,12.00,2.00,3.00,11.00,1.00,0.00,0.00,340.00,500.00,45.00,573.00,710.00,2168.00,1_Training,5.444444
74.00,2020-03-14,mar,sab,492.00,20.00,2.00,1.00,1.00,0.00,1.00,257.00,6.639004,5.00,5.00,5.00,5.00,3.00,12.00,12.00,12.00,11.00,11.00,2.00,3.00,9.00,1.00,1.00,0.00,425.00,625.00,45.00,572.00,655.00,2322.00,1_Training,5.444444
75.00,2020-03-15,mar,dom,547.00,22.00,2.00,1.00,1.00,0.00,1.00,271.00,5.859375,5.00,5.00,5.00,5.00,3.00,11.00,12.00,10.00,10.00,10.00,2.00,3.00,10.00,1.00,0.00,0.00,425.00,625.00,45.00,531.00,665.00,2291.00,1_Training,5.00
76.00,2020-03-16,mar,seg,576.00,25.00,8.00,1.00,0.00,0.00,1.00,369.00,31.316726,6.00,6.00,5.00,6.00,4.00,11.00,12.00,11.00,13.00,12.00,3.00,2.00,10.00,1.00,0.00,1.00,510.00,710.00,60.00,574.00,715.00,2569.00,2_Testing,5.00
77.00,2020-03-17,mar,ter,470.00,15.00,8.00,1.00,0.00,0.00,1.00,315.00,24.015748,4.00,5.00,4.00,4.00,3.00,12.00,14.00,14.00,13.00,13.00,3.00,3.00,10.00,1.00,1.00,1.00,395.00,500.00,45.00,660.00,780.00,2380.00,2_Testing,5.444444
78.00,2020-03-18,mar,qua,280.00,13.00,8.00,1.00,0.00,0.00,1.00,303.00,27.848101,4.00,4.00,4.00,3.00,3.00,11.00,11.00,11.00,13.00,12.00,3.00,3.00,11.00,1.00,0.00,0.00,340.00,415.00,45.00,556.00,745.00,2101.00,2_Testing,4.50
79.00,2020-03-19,mar,qui,309.00,17.00,8.00,1.00,0.00,0.00,1.00,305.00,27.615063,4.00,4.00,4.00,4.00,3.00,10.00,9.00,9.00,10.00,9.00,1.00,2.00,6.00,1.00,0.00,0.00,340.00,500.00,45.00,447.00,420.00,1752.00,2_Testing,5.444444
80.00,2020-03-20,mar,sex,295.00,11.00,8.00,1.00,0.00,0.00,1.00,290.00,20.33195,4.00,4.00,3.00,4.00,3.00,9.00,9.00,9.00,10.00,10.00,2.00,1.00,8.00,1.00,0.00,0.00,340.00,460.00,45.00,457.00,515.00,1817.00,1_Training,4.50
81.00,2020-03-21,mar,sab,376.00,13.00,8.00,1.00,1.00,0.00,1.00,301.00,22.857143,4.00,5.00,4.00,4.00,3.00,11.00,11.00,11.00,11.00,11.00,2.00,2.00,7.00,2.00,1.00,1.00,395.00,500.00,45.00,539.00,635.00,2114.00,1_Training,4.50
82.00,2020-03-22,mar,dom,422.00,17.00,8.00,1.00,1.00,0.00,1.00,327.00,27.237354,5.00,5.00,4.00,5.00,3.00,11.00,10.00,11.00,12.00,11.00,3.00,2.00,8.00,2.00,1.00,1.00,425.00,585.00,45.00,522.00,715.00,2292.00,1_Training,5.444444
83.00,2020-03-23,mar,seg,364.00,21.00,8.00,1.00,0.00,0.00,1.00,369.00,27.681661,5.00,4.00,5.00,5.00,3.00,11.00,10.00,10.00,11.00,11.00,2.00,2.00,8.00,2.00,1.00,1.00,370.00,625.00,45.00,511.00,680.00,2231.00,2_Testing,6.333333
84.00,2020-03-24,mar,ter,323.00,20.00,5.00,0.00,0.00,0.00,1.00,276.00,19.480519,4.00,4.00,5.00,4.00,3.00,13.00,11.00,10.00,13.00,12.00,3.00,3.00,9.00,2.00,1.00,1.00,340.00,540.00,45.00,556.00,790.00,2271.00,1_Training,5.444444
85.00,2020-03-25,mar,qua,454.00,26.00,5.00,0.00,0.00,0.00,1.00,283.00,20.940171,5.00,5.00,6.00,5.00,3.00,12.00,12.00,11.00,11.00,10.00,2.00,2.00,8.00,2.00,1.00,1.00,425.00,665.00,45.00,547.00,680.00,2362.00,1_Training,7.076923
86.00,2020-03-26,mar,qui,378.00,14.00,5.00,0.00,0.00,0.00,1.00,278.00,15.352697,3.00,4.00,4.00,4.00,2.00,10.00,11.00,10.00,10.00,11.00,2.00,2.00,8.00,2.00,1.00,1.00,310.00,500.00,30.00,523.00,680.00,2043.00,1_Training,5.444444
87.00,2020-03-27,mar,sex,329.00,20.00,2.00,1.00,0.00,0.00,1.00,253.00,4.979253,4.00,5.00,4.00,4.00,3.00,11.00,10.00,10.00,12.00,10.00,2.00,2.00,8.00,2.00,1.00,1.00,395.00,500.00,45.00,497.00,680.00,2117.00,2_Testing,5.444444
88.00,2020-03-28,mar,sab,456.00,22.00,2.00,1.00,1.00,0.00,1.00,270.00,5.46875,5.00,5.00,4.00,6.00,3.00,11.00,11.00,11.00,11.00,11.00,2.00,2.00,6.00,1.00,1.00,1.00,425.00,670.00,45.00,539.00,535.00,2214.00,1_Training,5.00
89.00,2020-03-29,mar,dom,421.00,25.00,8.00,1.00,1.00,0.00,1.00,357.00,27.046263,5.00,6.00,6.00,5.00,4.00,10.00,10.00,11.00,12.00,10.00,2.00,3.00,6.00,1.00,1.00,1.00,480.00,665.00,60.00,502.00,565.00,2272.00,1_Training,5.00
90.00,2020-03-30,mar,seg,388.00,15.00,8.00,1.00,0.00,0.00,1.00,312.00,22.834646,5.00,5.00,5.00,5.00,4.00,11.00,11.00,10.00,12.00,10.00,2.00,2.00,6.00,1.00,1.00,1.00,425.00,625.00,60.00,515.00,535.00,2160.00,1_Training,5.444444
91.00,2020-03-31,mar,ter,444.00,13.00,8.00,1.00,0.00,0.00,1.00,300.00,26.582278,5.00,5.00,5.00,5.00,4.00,13.00,13.00,12.00,12.00,13.00,3.00,2.00,8.00,2.00,1.00,1.00,425.00,625.00,60.00,626.00,715.00,2451.00,1_Training,4.50
92.00,2020-04-01,abr,qua,570.00,17.00,8.00,1.00,0.00,0.00,1.00,306.00,28.033473,6.00,5.00,5.00,5.00,4.00,12.00,13.00,12.00,12.00,13.00,2.00,2.00,8.00,2.00,1.00,1.00,455.00,625.00,60.00,621.00,680.00,2441.00,1_Training,5.444444
93.00,2020-04-02,abr,qui,374.00,11.00,8.00,1.00,0.00,0.00,1.00,290.00,20.33195,5.00,5.00,4.00,5.00,4.00,12.00,12.00,11.00,13.00,11.00,3.00,2.00,6.00,1.00,1.00,1.00,425.00,585.00,60.00,564.00,570.00,2204.00,1_Training,4.50
94.00,2020-04-03,abr,sex,499.00,13.00,8.00,1.00,0.00,0.00,1.00,309.00,26.122449,5.00,5.00,5.00,5.00,4.00,11.00,11.00,12.00,12.00,11.00,2.00,2.00,8.00,1.00,1.00,1.00,425.00,625.00,60.00,550.00,625.00,2285.00,1_Training,4.50
95.00,2020-04-04,abr,sab,506.00,17.00,8.00,1.00,1.00,0.00,1.00,328.00,27.626459,6.00,5.00,6.00,6.00,4.00,12.00,13.00,13.00,12.00,11.00,2.00,2.00,8.00,1.00,1.00,1.00,455.00,750.00,60.00,601.00,625.00,2491.00,1_Training,5.444444
96.00,2020-04-05,abr,dom,667.00,21.00,8.00,1.00,1.00,0.00,1.00,363.00,25.605536,6.00,6.00,6.00,6.00,5.00,14.00,13.00,14.00,12.00,14.00,3.00,3.00,8.00,3.00,2.00,2.00,510.00,750.00,75.00,666.00,880.00,2881.00,1_Training,6.333333
97.00,2020-04-06,abr,seg,407.00,20.00,5.00,0.00,0.00,0.00,1.00,273.00,18.181818,5.00,6.00,5.00,5.00,4.00,13.00,12.00,12.00,13.00,12.00,3.00,3.00,7.00,3.00,2.00,2.00,480.00,625.00,60.00,594.00,835.00,2594.00,1_Training,5.444444
98.00,2020-04-07,abr,ter,550.00,26.00,5.00,0.00,0.00,0.00,1.00,286.00,22.222222,6.00,6.00,7.00,6.00,5.00,16.00,15.00,14.00,14.00,16.00,4.00,4.00,10.00,3.00,2.00,2.00,510.00,790.00,75.00,744.00,1035.00,3154.00,2_Testing,7.076923
99.00,2020-04-08,abr,qua,339.00,14.00,5.00,0.00,0.00,0.00,1.00,274.00,13.692946,5.00,4.00,5.00,4.00,4.00,14.00,15.00,15.00,13.00,14.00,4.00,4.00,8.00,3.00,2.00,2.00,370.00,540.00,60.00,713.00,945.00,2628.00,1_Training,5.444444
100.00,2020-04-09,abr,qui,442.00,21.00,8.00,1.00,0.00,0.00,1.00,364.00,25.951557,6.00,5.00,6.00,6.00,4.00,15.00,14.00,14.00,14.00,14.00,4.00,4.00,10.00,3.00,2.00,2.00,455.00,750.00,60.00,691.00,1035.00,2991.00,1_Training,6.333333
101.00,2020-04-10,abr,sex,230.00,20.00,2.00,0.00,0.00,1.00,1.00,22.00,46.666667,3.00,3.00,3.00,2.00,2.00,15.00,15.00,15.00,14.00,14.00,3.00,4.00,9.00,2.00,2.00,2.00,255.00,290.00,30.00,719.00,900.00,2194.00,1_Training,3.333333
102.00,2020-04-11,abr,sab,413.00,13.00,8.00,1.00,1.00,0.00,1.00,307.00,25.306122,6.00,5.00,6.00,5.00,4.00,13.00,13.00,14.00,14.00,15.00,3.00,3.00,9.00,3.00,2.00,2.00,455.00,665.00,60.00,678.00,925.00,2783.00,1_Training,4.50
103.00,2020-04-12,abr,dom,660.00,17.00,8.00,1.00,1.00,0.00,1.00,321.00,24.902724,6.00,6.00,6.00,6.00,4.00,16.00,16.00,16.00,14.00,14.00,4.00,3.00,10.00,3.00,2.00,2.00,510.00,750.00,60.00,752.00,1005.00,3077.00,1_Training,5.444444
104.00,2020-04-13,abr,seg,534.00,21.00,8.00,1.00,0.00,0.00,1.00,358.00,23.875433,6.00,6.00,6.00,6.00,5.00,17.00,16.00,15.00,16.00,17.00,4.00,4.00,10.00,3.00,2.00,2.00,510.00,750.00,75.00,794.00,1035.00,3164.00,1_Training,6.333333
105.00,2020-04-14,abr,ter,555.00,20.00,5.00,0.00,0.00,0.00,1.00,278.00,20.34632,5.00,5.00,5.00,5.00,4.00,17.00,17.00,17.00,17.00,18.00,5.00,5.00,12.00,3.00,2.00,2.00,425.00,625.00,60.00,848.00,1190.00,3148.00,1_Training,5.444444
106.00,2020-04-15,abr,qua,534.00,26.00,5.00,0.00,0.00,0.00,1.00,286.00,22.222222,6.00,6.00,6.00,6.00,5.00,20.00,20.00,20.00,20.00,20.00,5.00,5.00,13.00,4.00,3.00,3.00,510.00,750.00,75.00,980.00,1370.00,3685.00,1_Training,7.076923
107.00,2020-04-16,abr,qui,383.00,14.00,5.00,0.00,0.00,0.00,1.00,272.00,12.863071,5.00,5.00,5.00,5.00,3.00,17.00,17.00,17.00,17.00,16.00,4.00,4.00,12.00,3.00,2.00,2.00,425.00,625.00,45.00,818.00,1125.00,3038.00,1_Training,5.444444
108.00,2020-04-17,abr,sex,667.00,21.00,8.00,1.00,0.00,0.00,1.00,364.00,25.951557,6.00,6.00,6.00,6.00,5.00,16.00,17.00,16.00,16.00,17.00,4.00,4.00,11.00,3.00,2.00,2.00,510.00,750.00,75.00,817.00,1080.00,3232.00,1_Training,6.333333
109.00,2020-04-18,abr,sab,576.00,20.00,5.00,0.00,1.00,0.00,1.00,267.00,15.584416,6.00,6.00,5.00,6.00,4.00,16.00,18.00,18.00,17.00,17.00,4.00,4.00,11.00,3.00,2.00,2.00,510.00,710.00,60.00,856.00,1080.00,3216.00,1_Training,5.444444
110.00,2020-04-19,abr,dom,625.00,26.00,5.00,0.00,1.00,0.00,1.00,281.00,20.08547,6.00,7.00,6.00,6.00,5.00,16.00,16.00,17.00,17.00,15.00,3.00,4.00,9.00,3.00,2.00,2.00,565.00,750.00,75.00,780.00,955.00,3125.00,2_Testing,7.076923
111.00,2020-04-20,abr,seg,378.00,14.00,5.00,0.00,0.00,0.00,1.00,265.00,9.958506,4.00,5.00,5.00,5.00,4.00,18.00,17.00,17.00,18.00,18.00,5.00,5.00,10.00,4.00,3.00,3.00,395.00,625.00,60.00,854.00,1235.00,3169.00,1_Training,5.444444
112.00,2020-04-21,abr,ter,303.00,20.00,2.00,0.00,0.00,1.00,1.00,24.00,60.00,3.00,4.00,2.00,3.00,2.00,20.00,19.00,19.00,18.00,18.00,5.00,5.00,12.00,4.00,3.00,3.00,310.00,335.00,30.00,920.00,1325.00,2920.00,1_Training,3.333333
113.00,2020-04-22,abr,qua,555.00,13.00,8.00,1.00,0.00,0.00,1.00,297.00,21.22449,5.00,5.00,5.00,5.00,4.00,19.00,21.00,21.00,20.00,19.00,6.00,6.00,14.00,4.00,4.00,4.00,425.00,625.00,60.00,988.00,1560.00,3658.00,2_Testing,4.50
114.00,2020-04-23,abr,qui,597.00,17.00,8.00,1.00,0.00,0.00,1.00,323.00,25.680934,6.00,6.00,5.00,5.00,4.00,19.00,17.00,18.00,19.00,18.00,5.00,5.00,12.00,4.00,3.00,3.00,510.00,625.00,60.00,870.00,1325.00,3390.00,1_Training,5.444444
115.00,2020-04-24,abr,sex,528.00,21.00,8.00,1.00,0.00,0.00,1.00,369.00,27.681661,6.00,6.00,6.00,6.00,4.00,19.00,19.00,19.00,19.00,21.00,6.00,5.00,13.00,4.00,4.00,3.00,510.00,750.00,60.00,961.00,1440.00,3721.00,1_Training,6.333333
116.00,2020-04-25,abr,sab,600.00,20.00,5.00,0.00,1.00,0.00,1.00,266.00,15.151515,6.00,6.00,6.00,6.00,5.00,18.00,19.00,17.00,18.00,17.00,5.00,4.00,10.00,4.00,3.00,3.00,510.00,750.00,75.00,875.00,1205.00,3415.00,1_Training,5.444444
117.00,2020-04-26,abr,dom,467.00,26.00,5.00,0.00,1.00,0.00,1.00,284.00,21.367521,6.00,6.00,6.00,6.00,5.00,18.00,18.00,18.00,17.00,16.00,4.00,4.00,10.00,4.00,3.00,3.00,510.00,750.00,75.00,851.00,1170.00,3356.00,1_Training,7.076923
118.00,2020-04-27,abr,seg,410.00,14.00,5.00,0.00,0.00,0.00,1.00,274.00,13.692946,5.00,5.00,5.00,4.00,4.00,17.00,16.00,15.00,17.00,15.00,4.00,4.00,6.00,4.00,3.00,3.00,425.00,540.00,60.00,765.00,990.00,2780.00,2_Testing,5.444444
119.00,2020-04-28,abr,ter,600.00,21.00,8.00,1.00,0.00,0.00,1.00,365.00,26.297578,6.00,6.00,6.00,6.00,5.00,17.00,15.00,15.00,17.00,16.00,3.00,4.00,7.00,3.00,3.00,3.00,510.00,750.00,75.00,762.00,945.00,3042.00,1_Training,6.333333
120.00,2020-04-29,abr,qua,617.00,20.00,5.00,0.00,0.00,0.00,1.00,273.00,18.181818,5.00,5.00,6.00,6.00,4.00,15.00,15.00,15.00,15.00,15.00,4.00,4.00,5.00,3.00,3.00,3.00,425.00,750.00,60.00,735.00,890.00,2860.00,1_Training,5.444444
121.00,2020-04-30,abr,qui,600.00,26.00,5.00,0.00,0.00,0.00,1.00,284.00,21.367521,6.00,6.00,6.00,6.00,5.00,15.00,14.00,14.00,14.00,14.00,3.00,3.00,4.00,3.00,3.00,3.00,510.00,750.00,75.00,691.00,780.00,2806.00,1_Training,7.076923
122.00,2020-05-01,mai,sex,258.00,14.00,5.00,0.00,0.00,1.00,1.00,265.00,9.958506,2.00,2.00,3.00,3.00,2.00,16.00,15.00,16.00,15.00,16.00,3.00,3.00,5.00,3.00,3.00,3.00,170.00,375.00,30.00,765.00,825.00,2165.00,1_Training,3.333333
123.00,2020-05-02,mai,sab,418.00,13.00,8.00,1.00,1.00,0.00,1.00,302.00,23.265306,6.00,6.00,5.00,5.00,4.00,20.00,20.00,20.00,20.00,19.00,5.00,4.00,10.00,4.00,3.00,3.00,510.00,625.00,60.00,965.00,1205.00,3365.00,2_Testing,4.50
124.00,2020-05-03,mai,dom,667.00,17.00,8.00,1.00,1.00,0.00,1.00,322.00,25.291829,6.00,6.00,6.00,6.00,5.00,21.00,21.00,21.00,21.00,21.00,5.00,5.00,13.00,4.00,3.00,3.00,510.00,750.00,75.00,1029.00,1370.00,3734.00,1_Training,5.444444
125.00,2020-05-04,mai,seg,478.00,21.00,8.00,1.00,0.00,0.00,1.00,361.00,24.913495,6.00,6.00,5.00,5.00,4.00,20.00,21.00,19.00,20.00,20.00,5.00,5.00,13.00,4.00,3.00,3.00,510.00,625.00,60.00,988.00,1370.00,3553.00,2_Testing,6.333333
126.00,2020-05-05,mai,ter,597.00,20.00,5.00,0.00,0.00,0.00,1.00,266.00,15.151515,6.00,6.00,5.00,5.00,4.00,24.00,23.00,23.00,23.00,23.00,7.00,7.00,15.00,6.00,5.00,5.00,510.00,625.00,60.00,1132.00,1860.00,4187.00,1_Training,5.444444
127.00,2020-05-06,mai,qua,682.00,26.00,5.00,0.00,0.00,0.00,1.00,286.00,22.222222,7.00,6.00,6.00,6.00,5.00,21.00,23.00,23.00,22.00,21.00,6.00,6.00,13.00,5.00,4.00,4.00,540.00,750.00,75.00,1086.00,1570.00,4021.00,2_Testing,7.076923
128.00,2020-05-07,mai,qui,329.00,14.00,5.00,0.00,0.00,0.00,1.00,268.00,11.20332,4.00,5.00,4.00,4.00,3.00,21.00,21.00,21.00,22.00,22.00,6.00,6.00,13.00,5.00,4.00,4.00,395.00,500.00,45.00,1045.00,1570.00,3555.00,2_Testing,5.444444
129.00,2020-05-08,mai,sex,444.00,13.00,8.00,1.00,0.00,0.00,1.00,309.00,26.122449,5.00,5.00,5.00,5.00,4.00,24.00,23.00,23.00,24.00,23.00,6.00,7.00,14.00,5.00,5.00,5.00,425.00,625.00,60.00,1133.00,1725.00,3968.00,2_Testing,4.50
130.00,2020-05-09,mai,sab,512.00,17.00,8.00,1.00,1.00,0.00,1.00,317.00,23.346304,6.00,5.00,6.00,6.00,5.00,20.00,20.00,21.00,20.00,22.00,6.00,6.00,13.00,5.00,4.00,4.00,455.00,750.00,75.00,1020.00,1570.00,3870.00,1_Training,5.444444
131.00,2020-05-10,mai,dom,687.00,21.00,8.00,1.00,1.00,0.00,1.00,368.00,27.33564,6.00,6.00,7.00,6.00,5.00,22.00,22.00,21.00,22.00,22.00,6.00,6.00,12.00,5.00,4.00,4.00,510.00,790.00,75.00,1068.00,1525.00,3968.00,1_Training,6.333333
132.00,2020-05-11,mai,seg,555.00,20.00,5.00,0.00,0.00,0.00,1.00,278.00,20.34632,5.00,5.00,5.00,5.00,4.00,21.00,21.00,22.00,21.00,21.00,6.00,6.00,13.00,5.00,4.00,4.00,425.00,625.00,60.00,1039.00,1570.00,3719.00,2_Testing,5.444444
133.00,2020-05-12,mai,ter,534.00,26.00,5.00,0.00,0.00,0.00,1.00,290.00,23.931624,6.00,6.00,6.00,6.00,5.00,22.00,22.00,21.00,22.00,21.00,6.00,6.00,12.00,5.00,4.00,4.00,510.00,750.00,75.00,1053.00,1525.00,3913.00,2_Testing,7.076923
134.00,2020-05-13,mai,qua,470.00,14.00,5.00,0.00,0.00,0.00,1.00,278.00,15.352697,4.00,4.00,5.00,4.00,4.00,22.00,21.00,23.00,22.00,22.00,6.00,6.00,13.00,5.00,4.00,4.00,340.00,540.00,60.00,1070.00,1570.00,3580.00,1_Training,5.444444
135.00,2020-05-14,mai,qui,521.00,21.00,8.00,1.00,0.00,0.00,1.00,368.00,27.33564,7.00,6.00,7.00,7.00,5.00,21.00,21.00,22.00,22.00,22.00,6.00,6.00,14.00,5.00,4.00,4.00,540.00,875.00,75.00,1055.00,1615.00,4160.00,1_Training,6.333333
136.00,2020-05-15,mai,sex,730.00,20.00,5.00,0.00,0.00,0.00,1.00,277.00,19.91342,7.00,7.00,7.00,6.00,5.00,24.00,23.00,25.00,23.00,25.00,6.00,6.00,14.00,5.00,4.00,5.00,595.00,790.00,75.00,1182.00,1660.00,4302.00,1_Training,5.444444
137.00,2020-05-16,mai,sab,600.00,26.00,5.00,0.00,1.00,0.00,1.00,292.00,24.786325,8.00,7.00,8.00,8.00,6.00,23.00,23.00,23.00,22.00,22.00,6.00,6.00,13.00,5.00,4.00,4.00,625.00,1000.00,90.00,1111.00,1570.00,4396.00,1_Training,7.076923
138.00,2020-05-17,mai,dom,783.00,26.00,5.00,0.00,1.00,0.00,1.00,283.00,20.940171,7.00,8.00,8.00,8.00,6.00,25.00,25.00,25.00,24.00,25.00,6.00,7.00,14.00,5.00,5.00,5.00,650.00,1000.00,90.00,1224.00,1725.00,4689.00,2_Testing,7.076923
139.00,2020-05-18,mai,seg,478.00,14.00,5.00,0.00,0.00,0.00,1.00,268.00,11.20332,6.00,5.00,6.00,5.00,5.00,21.00,21.00,22.00,22.00,23.00,6.00,6.00,10.00,5.00,4.00,4.00,455.00,665.00,75.00,1070.00,1435.00,3700.00,1_Training,5.444444
140.00,2020-05-19,mai,ter,572.00,21.00,8.00,1.00,0.00,0.00,1.00,368.00,27.33564,6.00,7.00,7.00,6.00,5.00,23.00,24.00,23.00,25.00,24.00,6.00,7.00,13.00,5.00,4.00,4.00,565.00,790.00,75.00,1162.00,1600.00,4192.00,1_Training,6.333333
141.00,2020-05-20,mai,qua,643.00,20.00,5.00,0.00,0.00,0.00,1.00,278.00,20.34632,6.00,7.00,7.00,6.00,5.00,26.00,26.00,27.00,26.00,25.00,7.00,8.00,15.00,6.00,6.00,5.00,565.00,790.00,75.00,1269.00,1925.00,4624.00,1_Training,5.444444
142.00,2020-05-21,mai,qui,565.00,26.00,5.00,0.00,0.00,0.00,1.00,287.00,22.649573,7.00,8.00,7.00,7.00,6.00,27.00,26.00,25.00,27.00,26.00,8.00,7.00,14.00,6.00,6.00,6.00,650.00,875.00,90.00,1270.00,1930.00,4815.00,1_Training,7.076923
143.00,2020-05-22,mai,sex,617.00,14.00,5.00,0.00,0.00,0.00,1.00,279.00,15.767635,5.00,5.00,6.00,6.00,4.00,24.00,23.00,23.00,23.00,23.00,7.00,7.00,13.00,6.00,5.00,5.00,425.00,750.00,60.00,1132.00,1770.00,4137.00,1_Training,5.444444
144.00,2020-05-23,mai,sab,795.00,21.00,8.00,1.00,1.00,0.00,1.00,366.00,26.643599,8.00,7.00,7.00,7.00,6.00,24.00,23.00,24.00,23.00,24.00,6.00,7.00,13.00,6.00,5.00,5.00,625.00,875.00,90.00,1157.00,1735.00,4482.00,1_Training,6.333333
145.00,2020-05-24,mai,dom,752.00,20.00,5.00,0.00,1.00,0.00,1.00,275.00,19.047619,7.00,7.00,6.00,7.00,5.00,25.00,25.00,24.00,25.00,24.00,7.00,7.00,13.00,6.00,5.00,5.00,595.00,835.00,75.00,1200.00,1770.00,4475.00,1_Training,5.444444
146.00,2020-05-25,mai,seg,658.00,26.00,5.00,0.00,0.00,0.00,1.00,286.00,22.222222,7.00,7.00,7.00,8.00,6.00,24.00,23.00,24.00,23.00,24.00,7.00,7.00,11.00,6.00,5.00,5.00,595.00,960.00,90.00,1157.00,1680.00,4482.00,1_Training,7.076923
147.00,2020-05-26,mai,ter,519.00,14.00,5.00,0.00,0.00,0.00,1.00,265.00,9.958506,6.00,5.00,5.00,5.00,5.00,26.00,25.00,26.00,25.00,25.00,7.00,7.00,12.00,6.00,5.00,5.00,455.00,625.00,75.00,1240.00,1725.00,4120.00,2_Testing,5.444444
148.00,2020-05-27,mai,qua,608.00,21.00,8.00,1.00,0.00,0.00,1.00,357.00,23.529412,7.00,7.00,6.00,7.00,6.00,26.00,25.00,27.00,25.00,27.00,8.00,7.00,15.00,6.00,5.00,6.00,595.00,835.00,90.00,1280.00,1940.00,4740.00,2_Testing,6.333333
149.00,2020-05-28,mai,qui,695.00,20.00,5.00,0.00,0.00,0.00,1.00,273.00,18.181818,6.00,7.00,6.00,6.00,5.00,27.00,27.00,26.00,26.00,26.00,7.00,7.00,13.00,6.00,5.00,6.00,565.00,750.00,75.00,1297.00,1815.00,4502.00,1_Training,5.444444
150.00,2020-05-29,mai,sex,702.00,26.00,5.00,0.00,0.00,0.00,1.00,289.00,23.504274,7.00,7.00,7.00,7.00,6.00,26.00,25.00,26.00,25.00,26.00,7.00,7.00,13.00,6.00,5.00,5.00,595.00,875.00,90.00,1255.00,1770.00,4585.00,1_Training,7.076923
151.00,2020-05-30,mai,sab,576.00,14.00,5.00,0.00,1.00,0.00,1.00,279.00,15.767635,6.00,5.00,6.00,6.00,5.00,27.00,28.00,28.00,28.00,29.00,8.00,7.00,16.00,6.00,5.00,6.00,455.00,750.00,75.00,1382.00,1985.00,4647.00,1_Training,5.444444
152.00,2020-05-31,mai,dom,822.00,21.00,8.00,1.00,1.00,0.00,1.00,368.00,27.33564,8.00,8.00,7.00,7.00,6.00,25.00,26.00,24.00,24.00,26.00,7.00,7.00,11.00,6.00,5.00,5.00,680.00,875.00,90.00,1247.00,1680.00,4572.00,2_Testing,6.333333
153.00,2020-06-01,jun,seg,639.00,20.00,5.00,0.00,0.00,0.00,1.00,270.00,16.883117,6.00,6.00,6.00,7.00,5.00,26.00,26.00,27.00,27.00,26.00,7.00,7.00,13.00,6.00,5.00,5.00,510.00,835.00,75.00,1285.00,1770.00,4475.00,1_Training,5.444444
154.00,2020-06-02,jun,ter,772.00,26.00,5.00,0.00,0.00,0.00,1.00,282.00,20.512821,7.00,7.00,7.00,7.00,5.00,28.00,27.00,29.00,27.00,27.00,8.00,7.00,17.00,6.00,6.00,5.00,595.00,875.00,75.00,1348.00,2020.00,4913.00,1_Training,7.076923
155.00,2020-06-03,jun,qua,462.00,14.00,5.00,0.00,0.00,0.00,1.00,269.00,11.618257,6.00,6.00,6.00,6.00,4.00,30.00,29.00,30.00,29.00,30.00,8.00,8.00,19.00,6.00,6.00,6.00,510.00,750.00,60.00,1451.00,2185.00,4956.00,1_Training,5.444444
156.00,2020-06-04,jun,qui,568.00,21.00,8.00,1.00,0.00,0.00,1.00,357.00,23.529412,7.00,6.00,7.00,6.00,6.00,26.00,26.00,27.00,27.00,26.00,8.00,8.00,13.00,7.00,6.00,6.00,540.00,790.00,90.00,1285.00,1970.00,4675.00,1_Training,6.333333
157.00,2020-06-05,jun,sex,580.00,20.00,5.00,0.00,0.00,0.00,1.00,271.00,17.316017,7.00,6.00,6.00,7.00,5.00,27.00,26.00,26.00,27.00,26.00,8.00,8.00,12.00,7.00,6.00,6.00,540.00,835.00,75.00,1280.00,1925.00,4655.00,2_Testing,5.444444
158.00,2020-06-06,jun,sab,783.00,26.00,5.00,0.00,1.00,0.00,1.00,291.00,24.358974,7.00,8.00,8.00,8.00,6.00,28.00,27.00,27.00,27.00,27.00,8.00,8.00,13.00,7.00,6.00,6.00,650.00,1000.00,90.00,1328.00,1970.00,5038.00,1_Training,7.076923
159.00,2020-06-07,jun,dom,568.00,14.00,5.00,0.00,1.00,0.00,1.00,269.00,11.618257,6.00,6.00,6.00,7.00,5.00,25.00,25.00,25.00,26.00,25.00,8.00,8.00,13.00,7.00,6.00,6.00,510.00,835.00,75.00,1226.00,1970.00,4616.00,1_Training,5.444444
160.00,2020-06-08,jun,seg,640.00,26.00,5.00,0.00,0.00,0.00,1.00,293.00,25.213675,7.00,7.00,8.00,7.00,6.00,27.00,27.00,26.00,26.00,26.00,8.00,8.00,13.00,7.00,6.00,6.00,595.00,915.00,90.00,1297.00,1970.00,4867.00,1_Training,7.076923
161.00,2020-06-09,jun,ter,540.00,26.00,5.00,0.00,0.00,0.00,1.00,281.00,20.08547,7.00,7.00,7.00,7.00,5.00,29.00,29.00,29.00,29.00,28.00,8.00,9.00,14.00,7.00,7.00,6.00,595.00,875.00,75.00,1406.00,2080.00,5031.00,1_Training,7.076923
162.00,2020-06-10,jun,qua,575.00,14.00,5.00,0.00,0.00,0.00,1.00,271.00,12.448133,5.00,5.00,6.00,5.00,4.00,30.00,30.00,31.00,31.00,31.00,9.00,9.00,16.00,7.00,7.00,7.00,425.00,665.00,60.00,1496.00,2250.00,4896.00,1_Training,5.444444
163.00,2020-06-11,jun,qui,385.00,20.00,2.00,0.00,0.00,1.00,1.00,34.00,126.666667,3.00,4.00,4.00,3.00,3.00,29.00,27.00,29.00,28.00,29.00,8.00,8.00,15.00,7.00,6.00,6.00,310.00,415.00,45.00,1384.00,2060.00,4214.00,1_Training,3.333333
164.00,2020-06-12,jun,sex,450.00,20.00,2.00,0.00,0.00,1.00,1.00,23.00,53.333333,4.00,4.00,4.00,4.00,4.00,30.00,30.00,29.00,30.00,29.00,9.00,9.00,16.00,7.00,7.00,6.00,340.00,500.00,60.00,1445.00,2205.00,4550.00,1_Training,3.333333
165.00,2020-06-13,jun,sab,546.00,21.00,8.00,1.00,1.00,0.00,1.00,362.00,25.259516,7.00,7.00,7.00,7.00,6.00,27.00,27.00,27.00,26.00,26.00,8.00,7.00,11.00,7.00,6.00,6.00,595.00,875.00,90.00,1307.00,1850.00,4717.00,1_Training,6.333333
166.00,2020-06-14,jun,dom,659.00,20.00,5.00,0.00,1.00,0.00,1.00,275.00,19.047619,7.00,6.00,6.00,7.00,6.00,31.00,30.00,31.00,30.00,29.00,8.00,9.00,16.00,7.00,6.00,7.00,540.00,835.00,90.00,1470.00,2180.00,5115.00,1_Training,5.444444
167.00,2020-06-15,jun,seg,772.00,26.00,5.00,0.00,0.00,0.00,1.00,295.00,26.068376,7.00,7.00,7.00,7.00,5.00,25.00,24.00,25.00,24.00,25.00,7.00,7.00,8.00,6.00,6.00,6.00,595.00,875.00,75.00,1206.00,1625.00,4376.00,1_Training,7.076923
168.00,2020-06-16,jun,ter,442.00,14.00,5.00,0.00,0.00,0.00,1.00,269.00,11.618257,6.00,5.00,6.00,6.00,4.00,28.00,29.00,29.00,29.00,29.00,8.00,8.00,16.00,7.00,6.00,6.00,455.00,750.00,60.00,1416.00,2105.00,4786.00,1_Training,5.444444
169.00,2020-06-17,jun,qua,643.00,21.00,8.00,1.00,0.00,0.00,1.00,361.00,24.913495,6.00,7.00,7.00,6.00,5.00,30.00,30.00,29.00,29.00,30.00,8.00,8.00,17.00,7.00,7.00,6.00,565.00,790.00,75.00,1459.00,2185.00,5074.00,1_Training,6.333333
170.00,2020-06-18,jun,qui,507.00,20.00,5.00,0.00,0.00,0.00,1.00,267.00,15.584416,7.00,6.00,6.00,7.00,5.00,29.00,30.00,30.00,29.00,31.00,8.00,8.00,16.00,7.00,6.00,7.00,540.00,835.00,75.00,1479.00,2150.00,5079.00,1_Training,5.444444
171.00,2020-06-19,jun,sex,695.00,26.00,5.00,0.00,0.00,0.00,1.00,285.00,21.794872,7.00,7.00,7.00,7.00,5.00,31.00,30.00,30.00,30.00,30.00,9.00,9.00,15.00,8.00,7.00,7.00,595.00,875.00,75.00,1475.00,2260.00,5280.00,1_Training,7.076923
172.00,2020-06-20,jun,sab,682.00,14.00,5.00,0.00,1.00,0.00,1.00,275.00,14.107884,7.00,6.00,6.00,6.00,5.00,32.00,31.00,32.00,31.00,31.00,10.00,10.00,17.00,8.00,7.00,8.00,540.00,750.00,75.00,1534.00,2460.00,5359.00,1_Training,5.444444
173.00,2020-06-21,jun,dom,726.00,21.00,8.00,1.00,1.00,0.00,1.00,359.00,24.221453,7.00,8.00,7.00,7.00,6.00,28.00,30.00,29.00,28.00,28.00,9.00,9.00,13.00,8.00,7.00,7.00,650.00,875.00,90.00,1418.00,2170.00,5203.00,2_Testing,6.333333
174.00,2020-06-22,jun,seg,667.00,20.00,5.00,0.00,0.00,0.00,1.00,268.00,16.017316,6.00,6.00,6.00,6.00,5.00,32.00,31.00,31.00,30.00,32.00,10.00,9.00,17.00,8.00,7.00,8.00,510.00,750.00,75.00,1538.00,2430.00,5303.00,2_Testing,5.444444
175.00,2020-06-23,jun,ter,551.00,26.00,5.00,0.00,0.00,0.00,1.00,281.00,20.08547,8.00,7.00,7.00,7.00,5.00,31.00,30.00,32.00,31.00,30.00,9.00,10.00,15.00,8.00,8.00,8.00,625.00,875.00,75.00,1496.00,2370.00,5441.00,1_Training,7.076923
176.00,2020-06-24,jun,qua,448.00,14.00,5.00,0.00,0.00,0.00,1.00,265.00,9.958506,6.00,5.00,6.00,6.00,5.00,34.00,33.00,34.00,34.00,34.00,10.00,10.00,19.00,8.00,8.00,8.00,455.00,750.00,75.00,1648.00,2585.00,5513.00,1_Training,5.444444
177.00,2020-06-25,jun,qui,572.00,21.00,8.00,1.00,0.00,0.00,1.00,364.00,25.951557,6.00,7.00,7.00,6.00,5.00,29.00,30.00,30.00,29.00,31.00,9.00,9.00,13.00,8.00,7.00,7.00,565.00,790.00,75.00,1479.00,2170.00,5079.00,2_Testing,6.333333
178.00,2020-06-26,jun,sex,556.00,20.00,5.00,0.00,0.00,0.00,1.00,280.00,21.212121,6.00,7.00,6.00,6.00,5.00,26.00,26.00,26.00,27.00,26.00,8.00,8.00,8.00,7.00,7.00,7.00,565.00,750.00,75.00,1275.00,1825.00,4490.00,2_Testing,5.444444
179.00,2020-06-27,jun,sab,765.00,26.00,5.00,0.00,1.00,0.00,1.00,291.00,24.358974,7.00,8.00,7.00,8.00,6.00,30.00,31.00,30.00,31.00,31.00,9.00,8.00,13.00,8.00,7.00,7.00,650.00,960.00,90.00,1504.00,2140.00,5344.00,2_Testing,7.076923
180.00,2020-06-28,jun,dom,726.00,14.00,5.00,0.00,1.00,0.00,1.00,270.00,12.033195,7.00,8.00,7.00,7.00,6.00,32.00,30.00,31.00,31.00,31.00,9.00,9.00,16.00,8.00,7.00,7.00,650.00,875.00,90.00,1506.00,2305.00,5426.00,2_Testing,5.444444
181.00,2020-06-29,jun,seg,885.00,26.00,5.00,0.00,0.00,0.00,1.00,294.00,25.641026,8.00,8.00,8.00,8.00,6.00,34.00,32.00,33.00,33.00,34.00,9.00,9.00,16.00,8.00,7.00,7.00,680.00,1000.00,90.00,1619.00,2305.00,5694.00,1_Training,7.076923
182.00,2020-06-30,jun,ter,663.00,14.00,5.00,0.00,0.00,0.00,1.00,266.00,10.373444,6.00,6.00,7.00,7.00,6.00,33.00,33.00,34.00,33.00,33.00,9.00,10.00,16.00,8.00,8.00,7.00,510.00,875.00,90.00,1627.00,2370.00,5472.00,2_Testing,5.444444
