Ano;Mês;Meses;;" Câmbio
Copersucar "; Câmbio MCM ; IPCA ; IGP-DI ; SELIC MÊS ; SELIC ANO ; SELIC TARGET ; DATA ; CDI MÊS ; CDI ANO ; PIB ; Fator CDI ; CDI Acum. ; Fator IPCA ; IPCA Acum. ; Fator IGPDI ; IGPDI Acum. ; SELIC Efetivo ;situacao
2004;jan/04;jan;2004;; 2,8518 ; 0,0076 ; 0,0080 ; 0,0127 ; 0,1632 ; 0,1650 ; 38.007,0000 ; 0,0126 ; 0,1622 ; 0,0567 ; 1,0126 ;; 1,0076 ;; 1,0080 ;; 0,1650 ;Passado
2004;fev/04;fev;2004; 2,9303 ; 2,9303 ; 0,0061 ; 0,0108 ; 0,0108 ; 0,1630 ; 0,1650 ; 38.035,0000 ; 0,0108 ; 0,1630 ; 0,0567 ; 1,0108 ;; 1,0061 ;; 1,0108 ;; 0,1650 ;Passado
2004;mar/04;mar;2004; 2,9055 ; 2,9055 ; 0,0047 ; 0,0093 ; 0,0138 ; 0,1619 ; 0,1625 ; 38.063,0000 ; 0,0137 ; 0,1619 ; 0,0567 ; 1,0137 ;; 1,0047 ;; 1,0093 ;; 0,1625 ;Passado
2004;abr/04;abr;2004; 2,9060 ; 2,9060 ; 0,0037 ; 0,0115 ; 0,0118 ; 0,1596 ; 0,1600 ; 38.092,0000 ; 0,0117 ; 0,1596 ; 0,0567 ; 1,0117 ;; 1,0037 ;; 1,0115 ;; 0,1600 ;Passado
2004;mai/04;mai;2004; 3,1004 ; 3,1004 ; 0,0051 ; 0,0146 ; 0,0123 ; 0,1577 ; 0,1600 ; 38.126,0000 ; 0,0122 ; 0,1573 ; 0,0567 ; 1,0122 ;; 1,0051 ;; 1,0146 ;; 0,1600 ;Passado
2004;jun/04;jun;2004; 3,1292 ; 3,1291 ; 0,0071 ; 0,0129 ; 0,0123 ; 0,1580 ; 0,1600 ; 38.161,0000 ; 0,0122 ; 0,1571 ; 0,0567 ; 1,0122 ;; 1,0071 ;; 1,0129 ;; 0,1600 ;Passado
2004;jul/04;jul;2004; 3,0368 ; 3,0368 ; 0,0091 ; 0,0114 ; 0,0129 ; 0,1577 ; 0,1600 ; 38.189,0000 ; 0,0128 ; 0,1571 ; 0,0567 ; 1,0128 ;; 1,0091 ;; 1,0114 ;; 0,1600 ;Passado
2004;ago/04;ago;2004; 3,0029 ; 3,0029 ; 0,0069 ; 0,0131 ; 0,0129 ; 0,1586 ; 0,1600 ; 38.217,0000 ; 0,0129 ; 0,1576 ; 0,0567 ; 1,0129 ;; 1,0069 ;; 1,0131 ;; 0,1600 ;Passado
2004;set/04;set;2004; 2,8912 ; 2,8911 ; 0,0033 ; 0,0048 ; 0,0125 ; 0,1609 ; 0,1625 ; 38.245,0000 ; 0,0124 ; 0,1599 ; 0,0567 ; 1,0124 ;; 1,0033 ;; 1,0048 ;; 0,1625 ;Passado
2004;out/04;out;2004; 2,8529 ; 2,8529 ; 0,0044 ; 0,0053 ; 0,0121 ; 0,1641 ; 0,1675 ; 38.280,0000 ; 0,0121 ; 0,1634 ; 0,0567 ; 1,0121 ;; 1,0044 ;; 1,0053 ;; 0,1675 ;Passado
2004;nov/04;nov;2004; 2,7860 ; 2,7860 ; 0,0069 ; 0,0082 ; 0,0125 ; 0,1696 ; 0,1725 ; 38.308,0000 ; 0,0125 ; 0,1693 ; 0,0567 ; 1,0125 ;; 1,0069 ;; 1,0082 ;; 0,1725 ;Passado
2004;dez/04;dez;2004; 2,7182 ; 2,7184 ; 0,0086 ; 0,0052 ; 0,0148 ; 0,1750 ; 0,1775 ; 38.343,0000 ; 0,0148 ; 0,1746 ; 0,0567 ; 1,0148 ; 0,1617 ; 1,0086 ; 0,0760 ; 1,0052 ; 0,1214 ; 0,1775 ;Passado
2005;jan/05;jan;2005; 2,6930 ; 2,6930 ; 0,0058 ; 0,0033 ; 0,0138 ; 0,1793 ; 0,1825 ; 38.371,0000 ; 0,0138 ; 0,1792 ; 0,0342 ; 1,0138 ; 0,1631 ; 1,0058 ; 0,0741 ; 1,0033 ; 0,1161 ; 0,1825 ;Passado
2005;fev/05;fev;2005; 2,5978 ; 2,5978 ; 0,0059 ; 0,0040 ; 0,0122 ; 0,1847 ; 0,1875 ; 38.399,0000 ; 0,0122 ; 0,1844 ; 0,0342 ; 1,0122 ; 0,1647 ; 1,0059 ; 0,0739 ; 1,0040 ; 0,1086 ; 0,1875 ;Passado
2005;mar/05;mar;2005; 2,7047 ; 2,7047 ; 0,0061 ; 0,0099 ; 0,0153 ; 0,1897 ; 0,1925 ; 38.427,0000 ; 0,0152 ; 0,1889 ; 0,0342 ; 1,0152 ; 0,1664 ; 1,0061 ; 0,0754 ; 1,0099 ; 0,1092 ; 0,1925 ;Passado
2005;abr/05;abr;2005; 2,5792 ; 2,5792 ; 0,0087 ; 0,0051 ; 0,0141 ; 0,1932 ; 0,1950 ; 38.462,0000 ; 0,0141 ; 0,1926 ; 0,0342 ; 1,0141 ; 0,1691 ; 1,0087 ; 0,0807 ; 1,0051 ; 0,1022 ; 0,1950 ;Passado
2005;mai/05;mai;2005; 2,4528 ; 2,4528 ; 0,0049 ;-0,0025 ; 0,0150 ; 0,1961 ; 0,1975 ; 38.490,0000 ; 0,0150 ; 0,1957 ; 0,0342 ; 1,0150 ; 0,1723 ; 1,0049 ; 0,0805 ; 0,9975 ; 0,0836 ; 0,1975 ;Passado
2005;jun/05;jun;2005; 2,4135 ; 2,4135 ;-0,0002 ;-0,0045 ; 0,0159 ; 0,1975 ; 0,1975 ; 38.518,0000 ; 0,0158 ; 0,1973 ; 0,0342 ; 1,0158 ; 0,1765 ; 0,9998 ; 0,0727 ; 0,9955 ; 0,0650 ; 0,1975 ;Passado
2005;jul/05;jul;2005; 2,3735 ; 2,3735 ; 0,0025 ;-0,0040 ; 0,0151 ; 0,1972 ; 0,1975 ; 38.553,0000 ; 0,0151 ; 0,1970 ; 0,0342 ; 1,0151 ; 0,1791 ; 1,0025 ; 0,0657 ; 0,9960 ; 0,0489 ; 0,1975 ;Passado
2005;ago/05;ago;2005; 2,3606 ; 2,3606 ; 0,0017 ;-0,0079 ; 0,0166 ; 0,1975 ; 0,1975 ; 38.581,0000 ; 0,0165 ; 0,1968 ; 0,0342 ; 1,0165 ; 0,1834 ; 1,0017 ; 0,0602 ; 0,9921 ; 0,0271 ; 0,1975 ;Passado
2005;set/05;set;2005; 2,2944 ; 2,2944 ; 0,0035 ;-0,0013 ; 0,0150 ; 0,1961 ; 0,1950 ; 38.609,0000 ; 0,0150 ; 0,1956 ; 0,0342 ; 1,0150 ; 0,1864 ; 1,0035 ; 0,0604 ; 0,9987 ; 0,0209 ; 0,1950 ;Passado
2005;out/05;out;2005; 2,2565 ; 2,2565 ; 0,0075 ; 0,0063 ; 0,0141 ; 0,1925 ; 0,1900 ; 38.644,0000 ; 0,0140 ; 0,1919 ; 0,0342 ; 1,0140 ; 0,1887 ; 1,0075 ; 0,0636 ; 1,0063 ; 0,0219 ; 0,1900 ;Passado
2005;nov/05;nov;2005; 2,2108 ; 2,2108 ; 0,0055 ; 0,0033 ; 0,0138 ; 0,1887 ; 0,1850 ; 38.679,0000 ; 0,0138 ; 0,1880 ; 0,0342 ; 1,0138 ; 0,1901 ; 1,0055 ; 0,0622 ; 1,0033 ; 0,0169 ; 0,1850 ;Passado
2005;dez/05;dez;2006; 2,2855 ; 2,2855 ; 0,0036 ; 0,0007 ; 0,0147 ; 0,1824 ; 0,1800 ; 38.700,0000 ; 0,0147 ; 0,1815 ; 0,0342 ; 1,0147 ; 0,1900 ; 1,0036 ; 0,0569 ; 1,0007 ; 0,0123 ; 0,1800 ;Passado
2006;jan/06;jan;2006; 2,2739 ; 2,2739 ; 0,0059 ; 0,0072 ; 0,0143 ; 0,1765 ; 0,1725 ; 38.735,0000 ; 0,0143 ; 0,1760 ; 0,0396 ; 1,0143 ; 0,1905 ; 1,0059 ; 0,0570 ; 1,0072 ; 0,0163 ; 0,1725 ;Passado
2006;fev/06;fev;2006; 2,1619 ; 2,1619 ; 0,0041 ;-0,0006 ; 0,0115 ; 0,1728 ; 0,1725 ; 38.735,0000 ; 0,0114 ; 0,1720 ; 0,0396 ; 1,0114 ; 0,1896 ; 1,0041 ; 0,0551 ; 0,9994 ; 0,0116 ; 0,1725 ;Passado
2006;mar/06;mar;2006; 2,1520 ; 2,1520 ; 0,0043 ;-0,0045 ; 0,0142 ; 0,1674 ; 0,1650 ; 38.784,0000 ; 0,0142 ; 0,1669 ; 0,0396 ; 1,0142 ; 0,1884 ; 1,0043 ; 0,0532 ; 0,9955 ;-0,0028 ; 0,1650 ;Passado
2006;abr/06;abr;2006; 2,1293 ; 2,1285 ; 0,0021 ; 0,0002 ; 0,0108 ; 0,1619 ; 0,1575 ; 38.826,0000 ; 0,0108 ; 0,1615 ; 0,0396 ; 1,0108 ; 0,1845 ; 1,0021 ; 0,0463 ; 1,0002 ;-0,0077 ; 0,1575 ;Passado
2006;mai/06;mai;2006; 2,1781 ; 2,1781 ; 0,0010 ; 0,0038 ; 0,0128 ; 0,1570 ; 0,1525 ; 38.868,0000 ; 0,0128 ; 0,1566 ; 0,0396 ; 1,0128 ; 0,1819 ; 1,0010 ; 0,0423 ; 1,0038 ;-0,0014 ; 0,1525 ;Passado
2006;jun/06;jun;2006; 2,2483 ; 2,2483 ;-0,0021 ; 0,0067 ; 0,0118 ; 0,1518 ; 0,1525 ; 38.868,0000 ; 0,0118 ; 0,1515 ; 0,0396 ; 1,0118 ; 0,1772 ; 0,9979 ; 0,0403 ; 1,0067 ; 0,0098 ; 0,1525 ;Passado
2006;jul/06;jul;2006; 2,1893 ; 2,1893 ; 0,0019 ; 0,0017 ; 0,0117 ; 0,1498 ; 0,1475 ; 38.917,0000 ; 0,0117 ; 0,1494 ; 0,0396 ; 1,0117 ; 0,1732 ; 1,0019 ; 0,0397 ; 1,0017 ; 0,0156 ; 0,1475 ;Passado
2006;ago/06;ago;2006; 2,1559 ; 2,1559 ; 0,0005 ; 0,0041 ; 0,0126 ; 0,1466 ; 0,1425 ; 38.959,0000 ; 0,0125 ; 0,1460 ; 0,0396 ; 1,0125 ; 0,1686 ; 1,0005 ; 0,0384 ; 1,0041 ; 0,0279 ; 0,1425 ;Passado
2006;set/06;set;2006; 2,1688 ; 2,1687 ; 0,0021 ; 0,0024 ; 0,0106 ; 0,1417 ; 0,1425 ; 38.959,0000 ; 0,0105 ; 0,1411 ; 0,0396 ; 1,0105 ; 0,1635 ; 1,0021 ; 0,0370 ; 1,0024 ; 0,0317 ; 0,1425 ;Passado
2006;out/06;out;2006; 2,1483 ; 2,1483 ; 0,0033 ; 0,0081 ; 0,0109 ; 0,1395 ; 0,1375 ; 39.008,0000 ; 0,0109 ; 0,1389 ; 0,0396 ; 1,0109 ; 0,1599 ; 1,0033 ; 0,0327 ; 1,0081 ; 0,0335 ; 0,1375 ;Passado
2006;nov/06;nov;2006; 2,1579 ; 2,1579 ; 0,0031 ; 0,0057 ; 0,0102 ; 0,1365 ; 0,1325 ; 39.050,0000 ; 0,0102 ; 0,1360 ; 0,0396 ; 1,0102 ; 0,1558 ; 1,0031 ; 0,0302 ; 1,0057 ; 0,0360 ; 0,1325 ;Passado
2006;dez/06;dez;2006; 2,1499 ; 2,1499 ; 0,0048 ; 0,0026 ; 0,0099 ; 0,1319 ; 0,1325 ; 39.050,0000 ; 0,0098 ; 0,1314 ; 0,0396 ; 1,0098 ; 0,1503 ; 1,0048 ; 0,0314 ; 1,0026 ; 0,0380 ; 0,1325 ;Passado
2007;jan/07;jan;2007; 2,1385 ; 2,1385 ; 0,0044 ; 0,0043 ; 0,0108 ; 0,1313 ; 0,1300 ; 39.106,0000 ; 0,0108 ; 0,1307 ; 0,0594 ; 1,0108 ; 0,1463 ; 1,0044 ; 0,0299 ; 1,0043 ; 0,0350 ; 0,1300 ;Passado
2007;fev/07;fev;2007; 2,0963 ; 2,0963 ; 0,0044 ; 0,0023 ; 0,0087 ; 0,1293 ; 0,1300 ; 39.106,0000 ; 0,0087 ; 0,1289 ; 0,0594 ; 1,0087 ; 0,1433 ; 1,0044 ; 0,0302 ; 1,0023 ; 0,0380 ; 0,1300 ;Passado
2007;mar/07;mar;2007; 2,0887 ; 2,0887 ; 0,0037 ; 0,0022 ; 0,0105 ; 0,1274 ; 0,1275 ; 39.148,0000 ; 0,0105 ; 0,1269 ; 0,0594 ; 1,0105 ; 0,1391 ; 1,0037 ; 0,0296 ; 1,0022 ; 0,0450 ; 0,1275 ;Passado
2007;abr/07;abr;2007; 2,0320 ; 2,0320 ; 0,0025 ; 0,0014 ; 0,0094 ; 0,1258 ; 0,1250 ; 39.190,0000 ; 0,0094 ; 0,1252 ; 0,0594 ; 1,0094 ; 0,1376 ; 1,0025 ; 0,0300 ; 1,0014 ; 0,0462 ; 0,1250 ;Passado
2007;mai/07;mai;2007; 1,9816 ; 1,9816 ; 0,0028 ; 0,0016 ; 0,0103 ; 0,1243 ; 0,1250 ; 39.190,0000 ; 0,0102 ; 0,1235 ; 0,0594 ; 1,0102 ; 0,1347 ; 1,0028 ; 0,0318 ; 1,0016 ; 0,0439 ; 0,1250 ;Passado
2007;jun/07;jun;2007; 1,9319 ; 1,9319 ; 0,0028 ; 0,0026 ; 0,0091 ; 0,1203 ; 0,1200 ; 39.239,0000 ; 0,0090 ; 0,1197 ; 0,0594 ; 1,0090 ; 0,1316 ; 1,0028 ; 0,0369 ; 1,0026 ; 0,0397 ; 0,1200 ;Passado
2007;jul/07;jul;2007; 1,8828 ; 1,8828 ; 0,0024 ; 0,0037 ; 0,0097 ; 0,1173 ; 0,1150 ; 39.281,0000 ; 0,0097 ; 0,1167 ; 0,0594 ; 1,0097 ; 0,1293 ; 1,0024 ; 0,0374 ; 1,0037 ; 0,0418 ; 0,1150 ;Passado
2007;ago/07;ago;2007; 1,9660 ; 1,9660 ; 0,0047 ; 0,0139 ; 0,0099 ; 0,1143 ; 0,1150 ; 39.281,0000 ; 0,0099 ; 0,1137 ; 0,0594 ; 1,0099 ; 0,1264 ; 1,0047 ; 0,0418 ; 1,0139 ; 0,0519 ; 0,1150 ;Passado
2007;set/07;set;2007; 1,8996 ; 1,8996 ; 0,0018 ; 0,0117 ; 0,0080 ; 0,1122 ; 0,1125 ; 39.330,0000 ; 0,0080 ; 0,1116 ; 0,0594 ; 1,0080 ; 0,1236 ; 1,0018 ; 0,0415 ; 1,0117 ; 0,0617 ; 0,1125 ;Passado
2007;out/07;out;2007; 1,8010 ; 1,8010 ; 0,0030 ; 0,0075 ; 0,0093 ; 0,1118 ; 0,1125 ; 39.372,0000 ; 0,0092 ; 0,1111 ; 0,0594 ; 1,0092 ; 0,1217 ; 1,0030 ; 0,0412 ; 1,0075 ; 0,0611 ; 0,1125 ;Passado
2007;nov/07;nov;2007; 1,7699 ; 1,7699 ; 0,0038 ; 0,0105 ; 0,0085 ; 0,1125 ; 0,1125 ; 39.372,0000 ; 0,0084 ; 0,1111 ; 0,0594 ; 1,0084 ; 0,1198 ; 1,0038 ; 0,0419 ; 1,0105 ; 0,0661 ; 0,1125 ;Passado
2007;dez/07;dez;2007; 1,7860 ; 1,7860 ; 0,0074 ; 0,0147 ; 0,0084 ; 0,1118 ; 0,1125 ; 39.421,0000 ; 0,0084 ; 0,1111 ; 0,0594 ; 1,0084 ; 0,1182 ; 1,0074 ; 0,0446 ; 1,0147 ; 0,0790 ; 0,1125 ;Passado
2008;jan/08;jan;2008; 1,7743 ; 1,7743 ; 0,0054 ; 0,0099 ; 0,0093 ; 0,1118 ; 0,1125 ; 39.470,0000 ; 0,0092 ; 0,1108 ; 0,0502 ; 1,0092 ; 0,1164 ; 1,0054 ; 0,0456 ; 1,0099 ; 0,0850 ; 0,1125 ;Passado
2008;fev/08;fev;2008; 1,7277 ; 1,7277 ; 0,0049 ; 0,0038 ; 0,0080 ; 0,1118 ; 0,1125 ; 39.470,0000 ; 0,0080 ; 0,1107 ; 0,0502 ; 1,0080 ; 0,1156 ; 1,0049 ; 0,0461 ; 1,0038 ; 0,0866 ; 0,1125 ;Passado
2008;mar/08;mar;2008; 1,7076 ; 1,7076 ; 0,0048 ; 0,0070 ; 0,0084 ; 0,1118 ; 0,1125 ; 39.512,0000 ; 0,0084 ; 0,1109 ; 0,0502 ; 1,0084 ; 0,1133 ; 1,0048 ; 0,0473 ; 1,0070 ; 0,0918 ; 0,1125 ;Passado
2008;abr/08;abr;2008; 1,6889 ; 1,6889 ; 0,0055 ; 0,0112 ; 0,0090 ; 0,1137 ; 0,1175 ; 39.554,0000 ; 0,0090 ; 0,1132 ; 0,0502 ; 1,0090 ; 0,1128 ; 1,0055 ; 0,0504 ; 1,0112 ; 0,1025 ; 0,1175 ;Passado
2008;mai/08;mai;2008; 1,6605 ; 1,6605 ; 0,0079 ; 0,0188 ; 0,0088 ; 0,1163 ; 0,1175 ; 39.554,0000 ; 0,0087 ; 0,1155 ; 0,0502 ; 1,0087 ; 0,1111 ; 1,0079 ; 0,0558 ; 1,0188 ; 0,1214 ; 0,1175 ;Passado
2008;jun/08;jun;2008; 1,6189 ; 1,6189 ; 0,0074 ; 0,0189 ; 0,0096 ; 0,1209 ; 0,1225 ; 39.603,0000 ; 0,0095 ; 0,1199 ; 0,0502 ; 1,0095 ; 0,1117 ; 1,0074 ; 0,0606 ; 1,0189 ; 0,1397 ; 0,1225 ;Passado
2008;jul/08;jul;2008; 1,5914 ; 1,5914 ; 0,0053 ; 0,0112 ; 0,0107 ; 0,1236 ; 0,1300 ; 39.652,0000 ; 0,0106 ; 0,1230 ; 0,0502 ; 1,0106 ; 0,1127 ; 1,0053 ; 0,0637 ; 1,0112 ; 0,1482 ; 0,1300 ;Passado
2008;ago/08;ago;2008; 1,6123 ; 1,6123 ; 0,0028 ;-0,0038 ; 0,0102 ; 0,1292 ; 0,1300 ; 39.652,0000 ; 0,0101 ; 0,1285 ; 0,0502 ; 1,0101 ; 0,1130 ; 1,0028 ; 0,0617 ; 0,9962 ; 0,1282 ; 0,1300 ;Passado
2008;set/08;set;2008; 1,7996 ; 1,7996 ; 0,0026 ; 0,0036 ; 0,0110 ; 0,1339 ; 0,1375 ; 39.701,0000 ; 0,0110 ; 0,1333 ; 0,0502 ; 1,0110 ; 0,1163 ; 1,0026 ; 0,0625 ; 1,0036 ; 0,1191 ; 0,1375 ;Passado
2008;out/08;out;2008; 2,1729 ; 2,1729 ; 0,0045 ; 0,0109 ; 0,0118 ; 0,1366 ; 0,1375 ; 39.750,0000 ; 0,0117 ; 0,1364 ; 0,0502 ; 1,0117 ; 0,1190 ; 1,0045 ; 0,0641 ; 1,0109 ; 0,1229 ; 0,1375 ;Passado
2008;nov/08;nov;2008; 2,2663 ; 2,2663 ; 0,0036 ; 0,0007 ; 0,0102 ; 0,1364 ; 0,1375 ; 39.750,0000 ; 0,0100 ; 0,1330 ; 0,0502 ; 1,0100 ; 0,1208 ; 1,0036 ; 0,0639 ; 1,0007 ; 0,1120 ; 0,1375 ;Passado
2008;dez/08;dez;2008; 2,3944 ; 2,3944 ; 0,0028 ;-0,0044 ; 0,0112 ; 0,1366 ; 0,1375 ; 39.792,0000 ; 0,0111 ; 0,1349 ; 0,0502 ; 1,0111 ; 0,1238 ; 1,0028 ; 0,0590 ; 0,9956 ; 0,0911 ; 0,1375 ;Passado
2009;jan/09;jan;2009; 2,3074 ; 2,3074 ; 0,0048 ; 0,0001 ; 0,0105 ; 0,1332 ; 0,1275 ; 39.834,0000 ; 0,0104 ; 0,1326 ;-0,0005 ; 1,0104 ; 0,1251 ; 1,0048 ; 0,0584 ; 1,0001 ; 0,0805 ; 0,1275 ;Passado
2009;fev/09;fev;2009; 2,3127 ; 2,3127 ; 0,0055 ;-0,0013 ; 0,0086 ; 0,1266 ; 0,1275 ; 39.834,0000 ; 0,0085 ; 0,1262 ;-0,0005 ; 1,0085 ; 0,1258 ; 1,0055 ; 0,0590 ; 0,9987 ; 0,0750 ; 0,1275 ;Passado
2009;mar/09;mar;2009; 2,3138 ; 2,3138 ; 0,0020 ;-0,0084 ; 0,0097 ; 0,1170 ; 0,1125 ; 39.883,0000 ; 0,0097 ; 0,1165 ;-0,0005 ; 1,0097 ; 0,1272 ; 1,0020 ; 0,0561 ; 0,9916 ; 0,0586 ; 0,1125 ;Passado
2009;abr/09;abr;2009; 2,2059 ; 2,2059 ; 0,0048 ; 0,0004 ; 0,0084 ; 0,1111 ; 0,1025 ; 39.932,0000 ; 0,0084 ; 0,1105 ;-0,0005 ; 1,0084 ; 0,1265 ; 1,0048 ; 0,0553 ; 1,0004 ; 0,0473 ; 0,1025 ;Passado
2009;mai/09;mai;2009; 2,0609 ; 2,0609 ; 0,0047 ; 0,0018 ; 0,0077 ; 0,1016 ; 0,1025 ; 39.932,0000 ; 0,0077 ; 0,1010 ;-0,0005 ; 1,0077 ; 0,1254 ; 1,0047 ; 0,0520 ; 1,0018 ; 0,0298 ; 0,1025 ;Passado
2009;jun/09;jun;2009; 1,9576 ; 1,9576 ; 0,0036 ;-0,0032 ; 0,0076 ; 0,0954 ; 0,0925 ; 39.974,0000 ; 0,0075 ; 0,0940 ;-0,0005 ; 1,0075 ; 0,1232 ; 1,0036 ; 0,0480 ; 0,9968 ; 0,0074 ; 0,0925 ;Passado
2009;jul/09;jul;2009; 1,9328 ; 1,9328 ; 0,0024 ;-0,0064 ; 0,0079 ; 0,0901 ; 0,0875 ; 40.016,0000 ; 0,0078 ; 0,0893 ;-0,0005 ; 1,0078 ; 0,1200 ; 1,0024 ; 0,0450 ; 0,9936 ;-0,0101 ; 0,0875 ;Passado
2009;ago/09;ago;2009; 1,8452 ; 1,8452 ; 0,0015 ; 0,0009 ; 0,0069 ; 0,0865 ; 0,0875 ; 40.016,0000 ; 0,0069 ; 0,0862 ;-0,0005 ; 1,0069 ; 0,1165 ; 1,0015 ; 0,0436 ; 1,0009 ;-0,0054 ; 0,0875 ;Passado
2009;set/09;set;2009; 1,8198 ; 1,8198 ; 0,0024 ; 0,0025 ; 0,0069 ; 0,0865 ; 0,0875 ; 40.058,0000 ; 0,0069 ; 0,0862 ;-0,0005 ; 1,0069 ; 0,1120 ; 1,0024 ; 0,0434 ; 1,0025 ;-0,0065 ; 0,0875 ;Passado
2009;out/09;out;2009; 1,7384 ; 1,7384 ; 0,0028 ;-0,0004 ; 0,0069 ; 0,0865 ; 0,0875 ; 40.107,0000 ; 0,0069 ; 0,0862 ;-0,0005 ; 1,0069 ; 0,1067 ; 1,0028 ; 0,0417 ; 0,9996 ;-0,0176 ; 0,0875 ;Passado
2009;nov/09;nov;2009; 1,7262 ; 1,7262 ; 0,0041 ; 0,0007 ; 0,0066 ; 0,0822 ; 0,0875 ; 40.107,0000 ; 0,0066 ; 0,0820 ;-0,0005 ; 1,0066 ; 0,1030 ; 1,0041 ; 0,0422 ; 1,0007 ;-0,0176 ; 0,0875 ;Passado
2009;dez/09;dez;2009; 1,7503 ; 1,7503 ; 0,0037 ;-0,0011 ; 0,0073 ; 0,0865 ; 0,0875 ; 40.156,0000 ; 0,0072 ; 0,0861 ;-0,0005 ; 1,0072 ; 0,0988 ; 1,0037 ; 0,0431 ; 0,9989 ;-0,0144 ; 0,0875 ;Passado
2010;jan/10;jan;2010; 1,7798 ; 1,7790 ; 0,0075 ; 0,0101 ; 0,0066 ; 0,0865 ; 0,0875 ; 40.205,0000 ; 0,0066 ; 0,0862 ; 0,0754 ; 1,0066 ; 0,0946 ; 1,0075 ; 0,0459 ; 1,0101 ;-0,0045 ; 0,0875 ;Passado
2010;fev/10;fev;2010; 1,8416 ; 1,8408 ; 0,0078 ; 0,0109 ; 0,0059 ; 0,0865 ; 0,0875 ; 40.205,0000 ; 0,0059 ; 0,0862 ; 0,0754 ; 1,0059 ; 0,0918 ; 1,0078 ; 0,0483 ; 1,0109 ; 0,0076 ; 0,0875 ;Passado
2010;mar/10;mar;2010; 1,7858 ; 1,7850 ; 0,0052 ; 0,0063 ; 0,0076 ; 0,0865 ; 0,0875 ; 40.254,0000 ; 0,0076 ; 0,0861 ; 0,0754 ; 1,0076 ; 0,0895 ; 1,0052 ; 0,0517 ; 1,0063 ; 0,0226 ; 0,0875 ;Passado
2010;abr/10;abr;2010; 1,7566 ; 1,7558 ; 0,0057 ; 0,0072 ; 0,0067 ; 0,0872 ; 0,0950 ; 40.296,0000 ; 0,0066 ; 0,0870 ; 0,0754 ; 1,0066 ; 0,0876 ; 1,0057 ; 0,0526 ; 1,0072 ; 0,0295 ; 0,0950 ;Passado
2010;mai/10;mai;2010; 1,8132 ; 1,8124 ; 0,0043 ; 0,0157 ; 0,0075 ; 0,0940 ; 0,0950 ; 40.296,0000 ; 0,0075 ; 0,0938 ; 0,0754 ; 1,0075 ; 0,0875 ; 1,0043 ; 0,0522 ; 1,0157 ; 0,0438 ; 0,0950 ;Passado
2010;jun/10;jun;2010; 1,8065 ; 1,8057 ; -   ; 0,0034 ; 0,0079 ; 0,0994 ; 0,1025 ; 40.338,0000 ; 0,0079 ; 0,0991 ; 0,0754 ; 1,0079 ; 0,0879 ; 1,0000 ; 0,0484 ; 1,0034 ; 0,0507 ; 0,1025 ;Passado
2010;jul/10;jul;2010; 1,7696 ; 1,7688 ; 0,0001 ; 0,0022 ; 0,0086 ; 0,1032 ; 0,1075 ; 40.380,0000 ; 0,0086 ; 0,1030 ; 0,0754 ; 1,0086 ; 0,0887 ; 1,0001 ; 0,0460 ; 1,0022 ; 0,0598 ; 0,1075 ;Passado
2010;ago/10;ago;2010; 1,7596 ; 1,7588 ; 0,0004 ; 0,0110 ; 0,0089 ; 0,1066 ; 0,1075 ; 40.380,0000 ; 0,0089 ; 0,1064 ; 0,0754 ; 1,0089 ; 0,0908 ; 1,0004 ; 0,0449 ; 1,0110 ; 0,0705 ; 0,1075 ;Passado
2010;set/10;set;2010; 1,7187 ; 1,7179 ; 0,0045 ; 0,0110 ; 0,0085 ; 0,1066 ; 0,1075 ; 40.422,0000 ; 0,0084 ; 0,1062 ; 0,0754 ; 1,0084 ; 0,0925 ; 1,0045 ; 0,0470 ; 1,0110 ; 0,0796 ; 0,1075 ;Passado
2010;out/10;out;2010; 1,6835 ; 1,6827 ; 0,0075 ; 0,0103 ; 0,0081 ; 0,1066 ; 0,1075 ; 40.471,0000 ; 0,0081 ; 0,1064 ; 0,0754 ; 1,0081 ; 0,0937 ; 1,0075 ; 0,0520 ; 1,0103 ; 0,0911 ; 0,1075 ;Passado
2010;nov/10;nov;2010; 1,7133 ; 1,7125 ; 0,0083 ; 0,0158 ; 0,0081 ; 0,1066 ; 0,1075 ; 40.471,0000 ; 0,0081 ; 0,1064 ; 0,0754 ; 1,0081 ; 0,0953 ; 1,0083 ; 0,0564 ; 1,0158 ; 0,1076 ; 0,1075 ;Passado
2010;dez/10;dez;2010; 1,6934 ; 1,6926 ; 0,0063 ; 0,0038 ; 0,0093 ; 0,1066 ; 0,1075 ; 40.520,0000 ; 0,0093 ; 0,1064 ; 0,0754 ; 1,0093 ; 0,0975 ; 1,0063 ; 0,0591 ; 1,0038 ; 0,1131 ; 0,1075 ;Passado
2011;jan/11;jan;2011; 1,6749 ; 1,6741 ; 0,0083 ; 0,0098 ; 0,0086 ; 0,1085 ; 0,1125 ; 40.562,0000 ; 0,0086 ; 0,1083 ; 0,0409 ; 1,0086 ; 0,0997 ; 1,0083 ; 0,0599 ; 1,0098 ; 0,1127 ; 0,1125 ;Passado
2011;fev/11;fev;2011; 1,6680 ; 1,6672 ; 0,0080 ; 0,0096 ; 0,0084 ; 0,1117 ; 0,1125 ; 40.562,0000 ; 0,0084 ; 0,1115 ; 0,0409 ; 1,0084 ; 0,1024 ; 1,0080 ; 0,0601 ; 1,0096 ; 0,1113 ; 0,1125 ;Passado
2011;mar/11;mar;2011; 1,6591 ; 1,6583 ; 0,0079 ; 0,0061 ; 0,0092 ; 0,1162 ; 0,1175 ; 40.604,0000 ; 0,0092 ; 0,1160 ; 0,0409 ; 1,0092 ; 0,1042 ; 1,0079 ; 0,0630 ; 1,0061 ; 0,1111 ; 0,1175 ;Passado
2011;abr/11;abr;2011; 1,5865 ; 1,5856 ; 0,0077 ; 0,0050 ; 0,0084 ; 0,1174 ; 0,1200 ; 40.653,0000 ; 0,0084 ; 0,1172 ; 0,0409 ; 1,0084 ; 0,1061 ; 1,0077 ; 0,0651 ; 1,0050 ; 0,1086 ; 0,1200 ;Passado
2011;mai/11;mai;2011; 1,6135 ; 1,6127 ; 0,0047 ; 0,0001 ; 0,0099 ; 0,1192 ; 0,1200 ; 40.653,0000 ; 0,0099 ; 0,1189 ; 0,0409 ; 1,0099 ; 0,1087 ; 1,0047 ; 0,0655 ; 1,0001 ; 0,0916 ; 0,1200 ;Passado
2011;jun/11;jun;2011; 1,5870 ; 1,5862 ; 0,0015 ;-0,0013 ; 0,0096 ; 0,1210 ; 0,1225 ; 40.702,0000 ; 0,0095 ; 0,1205 ; 0,0409 ; 1,0095 ; 0,1105 ; 1,0015 ; 0,0671 ; 0,9987 ; 0,0865 ; 0,1225 ;Passado
2011;jul/11;jul;2011; 1,5639 ; 1,5631 ; 0,0016 ;-0,0005 ; 0,0097 ; 0,1225 ; 0,1250 ; 40.744,0000 ; 0,0097 ; 0,1224 ; 0,0409 ; 1,0097 ; 0,1117 ; 1,0016 ; 0,0687 ; 0,9995 ; 0,0836 ; 0,1250 ;Passado
2011;ago/11;ago;2011; 1,5970 ; 1,5962 ; 0,0037 ; 0,0061 ; 0,0107 ; 0,1242 ; 0,1250 ; 40.786,0000 ; 0,0107 ; 0,1240 ; 0,0409 ; 1,0107 ; 0,1137 ; 1,0037 ; 0,0723 ; 1,0061 ; 0,0783 ; 0,1250 ;Passado
2011;set/11;set;2011; 1,7498 ; 1,7490 ; 0,0053 ; 0,0075 ; 0,0094 ; 0,1191 ; 0,1200 ; 40.786,0000 ; 0,0094 ; 0,1188 ; 0,0409 ; 1,0094 ; 0,1148 ; 1,0053 ; 0,0731 ; 1,0075 ; 0,0746 ; 0,1200 ;Passado
2011;out/11;out;2011; 1,7726 ; 1,7719 ; 0,0043 ; 0,0040 ; 0,0088 ; 0,1170 ; 0,1150 ; 40.835,0000 ; 0,0088 ; 0,1168 ; 0,0409 ; 1,0088 ; 0,1156 ; 1,0043 ; 0,0697 ; 1,0040 ; 0,0679 ; 0,1150 ;Passado
2011;nov/11;nov;2011; 1,7905 ; 1,7898 ; 0,0052 ; 0,0043 ; 0,0086 ; 0,1140 ; 0,1150 ; 40.877,0000 ; 0,0086 ; 0,1137 ; 0,0409 ; 1,0086 ; 0,1162 ; 1,0052 ; 0,0664 ; 1,0043 ; 0,0558 ; 0,1150 ;Passado
2011;dez/11;dez;2011; 1,8369 ; 1,8343 ; 0,0050 ;-0,0016 ; 0,0091 ; 0,1090 ; 0,1100 ; 40.877,0000 ; 0,0090 ; 0,1087 ; 0,0409 ; 1,0090 ; 0,1160 ; 1,0050 ; 0,0650 ; 0,9984 ; 0,0501 ; 0,1100 ;Passado
2012;jan/12;jan;2012; 1,7897 ; 1,7890 ; 0,0056 ; 0,0030 ; 0,0089 ; 0,1070 ; 0,1050 ; 40.926,0000 ; 0,0089 ; 0,1062 ; 0,0186 ; 1,0089 ; 0,1162 ; 1,0056 ; 0,0622 ; 1,0030 ; 0,0431 ; 0,1050 ;Passado
2012;fev/12;fev;2012; 1,7184 ; 1,7178 ; 0,0045 ; 0,0007 ; 0,0075 ; 0,1040 ; 0,1050 ; 40.926,0000 ; 0,0074 ; 0,1030 ; 0,0186 ; 1,0074 ; 0,1151 ; 1,0045 ; 0,0585 ; 1,0007 ; 0,0339 ; 0,1050 ;Passado
2012;mar/12;mar;2012; 1,7953 ; 1,7947 ; 0,0021 ; 0,0056 ; 0,0082 ; 0,0982 ; 0,0975 ; 40.975,0000 ; 0,0081 ; 0,0966 ; 0,0186 ; 1,0081 ; 0,1139 ; 1,0021 ; 0,0524 ; 1,0056 ; 0,0333 ; 0,0975 ;Passado
2012;abr/12;abr;2012; 1,8548 ; 1,8542 ; 0,0064 ; 0,0102 ; 0,0071 ; 0,0935 ; 0,0900 ; 41.017,0000 ; 0,0070 ; 0,0919 ; 0,0186 ; 1,0070 ; 0,1124 ; 1,0064 ; 0,0510 ; 1,0102 ; 0,0387 ; 0,0900 ;Passado
2012;mai/12;mai;2012; 1,9860 ; 1,9854 ; 0,0036 ; 0,0091 ; 0,0074 ; 0,0887 ; 0,0850 ; 41.059,0000 ; 0,0073 ; 0,0872 ; 0,0186 ; 1,0073 ; 0,1096 ; 1,0036 ; 0,0499 ; 1,0091 ; 0,0480 ; 0,0850 ;Passado
2012;jun/12;jun;2012; 2,0492 ; 2,0486 ; 0,0008 ; 0,0069 ; 0,0064 ; 0,0839 ; 0,0850 ; 41.059,0000 ; 0,0064 ; 0,0835 ; 0,0186 ; 1,0064 ; 0,1061 ; 1,0008 ; 0,0492 ; 1,0069 ; 0,0566 ; 0,0850 ;Passado
2012;jul/12;jul;2012; 2,0287 ; 2,0282 ; 0,0043 ; 0,0152 ; 0,0068 ; 0,0807 ; 0,0800 ; 41.101,0000 ; 0,0068 ; 0,0802 ; 0,0186 ; 1,0068 ; 0,1029 ; 1,0043 ; 0,0520 ; 1,0152 ; 0,0732 ; 0,0800 ;Passado
2012;ago/12;ago;2012; 2,0294 ; 2,0289 ; 0,0041 ; 0,0129 ; 0,0069 ; 0,0785 ; 0,0750 ; 41.150,0000 ; 0,0069 ; 0,0778 ; 0,0186 ; 1,0069 ; 0,0987 ; 1,0041 ; 0,0524 ; 1,0129 ; 0,0805 ; 0,0750 ;Passado
2012;set/12;set;2012; 2,0281 ; 2,0275 ; 0,0057 ; 0,0088 ; 0,0054 ; 0,0739 ; 0,0750 ; 41.150,0000 ; 0,0054 ; 0,0736 ; 0,0186 ; 1,0054 ; 0,0943 ; 1,0057 ; 0,0528 ; 1,0088 ; 0,0819 ; 0,0750 ;Passado
2012;out/12;out;2012; 2,0299 ; 2,0293 ; 0,0059 ;-0,0031 ; 0,0061 ; 0,0723 ; 0,0725 ; 41.192,0000 ; 0,0061 ; 0,0718 ; 0,0186 ; 1,0061 ; 0,0914 ; 1,0059 ; 0,0545 ; 0,9969 ; 0,0742 ; 0,0725 ;Passado
2012;nov/12;nov;2012; 2,0678 ; 2,0672 ; 0,0060 ; 0,0025 ; 0,0055 ; 0,0714 ; 0,0725 ; 41.241,0000 ; 0,0054 ; 0,0708 ; 0,0186 ; 1,0054 ; 0,0880 ; 1,0060 ; 0,0553 ; 1,0025 ; 0,0723 ; 0,0725 ;Passado
2012;dez/12;dez;2012; 2,0778 ; 2,0772 ; 0,0079 ; 0,0066 ; 0,0055 ; 0,0716 ; 0,0725 ; 41.241,0000 ; 0,0053 ; 0,0694 ; 0,0186 ; 1,0053 ; 0,0840 ; 1,0079 ; 0,0584 ; 1,0066 ; 0,0811 ; 0,0725 ;Passado
2013;jan/13;jan;2013; 2,0311 ; 2,0305 ; 0,0086 ; 0,0031 ; 0,0060 ; 0,0711 ; 0,0725 ; 41.290,0000 ; 0,0059 ; 0,0693 ; 0,0298 ; 1,0059 ; 0,0808 ; 1,0086 ; 0,0615 ; 1,0031 ; 0,0812 ; 0,0725 ;Passado
2013;fev/13;fev;2013; 1,9733 ; 1,9727 ; 0,0060 ; 0,0020 ; 0,0049 ; 0,0712 ; 0,0725 ; 41.290,0000 ; 0,0048 ; 0,0696 ; 0,0298 ; 1,0048 ; 0,0780 ; 1,0060 ; 0,0631 ; 1,0020 ; 0,0826 ; 0,0725 ;Passado
2013;mar/13;mar;2013; 1,9828 ; 1,9823 ; 0,0047 ; 0,0031 ; 0,0055 ; 0,0715 ; 0,0725 ; 41.339,0000 ; 0,0054 ; 0,0699 ; 0,0298 ; 1,0054 ; 0,0751 ; 1,0047 ; 0,0659 ; 1,0031 ; 0,0798 ; 0,0725 ;Passado
2013;abr/13;abr;2013; 2,0022 ; 2,0016 ; 0,0055 ;-0,0006 ; 0,0061 ; 0,0726 ; 0,0750 ; 41.381,0000 ; 0,0060 ; 0,0710 ; 0,0298 ; 1,0060 ; 0,0740 ; 1,0055 ; 0,0649 ; 0,9994 ; 0,0683 ; 0,0750 ;Passado
2013;mai/13;mai;2013; 2,0348 ; 2,0343 ; 0,0037 ; 0,0032 ; 0,0060 ; 0,0742 ; 0,0800 ; 41.423,0000 ; 0,0058 ; 0,0725 ; 0,0298 ; 1,0058 ; 0,0725 ; 1,0037 ; 0,0650 ; 1,0032 ; 0,0621 ; 0,0800 ;Passado
2013;jun/13;jun;2013; 2,1730 ; 2,1724 ; 0,0026 ; 0,0076 ; 0,0061 ; 0,0790 ; 0,0800 ; 41.423,0000 ; 0,0059 ; 0,0772 ; 0,0298 ; 1,0059 ; 0,0720 ; 1,0026 ; 0,0670 ; 1,0076 ; 0,0629 ; 0,0800 ;Passado
2013;jul/13;jul;2013; 2,2522 ; 2,2516 ; 0,0003 ; 0,0014 ; 0,0072 ; 0,0823 ; 0,0850 ; 41.465,0000 ; 0,0071 ; 0,0805 ; 0,0298 ; 1,0071 ; 0,0723 ; 1,0003 ; 0,0627 ; 1,0014 ; 0,0484 ; 0,0850 ;Passado
2013;ago/13;ago;2013; 2,3422 ; 2,3416 ; 0,0024 ; 0,0046 ; 0,0071 ; 0,0845 ; 0,0900 ; 41.514,0000 ; 0,0070 ; 0,0827 ; 0,0298 ; 1,0070 ; 0,0724 ; 1,0024 ; 0,0609 ; 1,0046 ; 0,0399 ; 0,0900 ;Passado
2013;set/13;set;2013; 2,2705 ; 2,2699 ; 0,0035 ; 0,0136 ; 0,0071 ; 0,0890 ; 0,0900 ; 41.514,0000 ; 0,0070 ; 0,0872 ; 0,0298 ; 1,0070 ; 0,0741 ; 1,0035 ; 0,0586 ; 1,0136 ; 0,0448 ; 0,0900 ;Passado
2013;out/13;out;2013; 2,1887 ; 2,1881 ; 0,0057 ; 0,0063 ; 0,0081 ; 0,0925 ; 0,0950 ; 41.556,0000 ; 0,0080 ; 0,0916 ; 0,0298 ; 1,0080 ; 0,0762 ; 1,0057 ; 0,0584 ; 1,0063 ; 0,0546 ; 0,0950 ;Passado
2013;nov/13;nov;2013; 2,2954 ; 2,2947 ; 0,0054 ; 0,0028 ; 0,0072 ; 0,0945 ; 0,1000 ; 41.605,0000 ; 0,0071 ; 0,0933 ; 0,0298 ; 1,0071 ; 0,0780 ; 1,0054 ; 0,0577 ; 1,0028 ; 0,0549 ; 0,1000 ;Passado
2013;dez/13;dez;2013; 2,3455 ; 2,3449 ; 0,0092 ; 0,0069 ; 0,0079 ; 0,0990 ; 0,1000 ; 41.605,0000 ; 0,0078 ; 0,0978 ; 0,0298 ; 1,0078 ; 0,0806 ; 1,0092 ; 0,0591 ; 1,0069 ; 0,0552 ; 0,1000 ;Passado
2014;jan/14;jan;2014; 2,3822 ; 2,3816 ; 0,0055 ; 0,0040 ; 0,0085 ; 0,1017 ; 0,1050 ; 41.654,0000 ; 0,0084 ; 0,1005 ; 0,0051 ; 1,0084 ; 0,0834 ; 1,0055 ; 0,0559 ; 1,0040 ; 0,0562 ; 0,1050 ;Passado
2014;fev/14;fev;2014; 2,3837 ; 2,3831 ; 0,0069 ; 0,0085 ; 0,0079 ; 0,1042 ; 0,1075 ; 41.696,0000 ; 0,0078 ; 0,1032 ; 0,0051 ; 1,0078 ; 0,0866 ; 1,0069 ; 0,0568 ; 1,0085 ; 0,0631 ; 0,1075 ;Passado
2014;mar/14;mar;2014; 2,3261 ; 2,3255 ; 0,0092 ; 0,0148 ; 0,0077 ; 0,1065 ; 0,1075 ; 41.696,0000 ; 0,0076 ; 0,1056 ; 0,0051 ; 1,0076 ; 0,0890 ; 1,0092 ; 0,0615 ; 1,0148 ; 0,0755 ; 0,1075 ;Passado
2014;abr/14;abr;2014; 2,2328 ; 2,2322 ; 0,0067 ; 0,0045 ; 0,0082 ; 0,1087 ; 0,1100 ; 41.731,0000 ; 0,0082 ; 0,1077 ; 0,0051 ; 1,0082 ; 0,0913 ; 1,0067 ; 0,0628 ; 1,0045 ; 0,0810 ; 0,1100 ;Passado
2014;mai/14;mai;2014; 2,2209 ; 2,2203 ; 0,0046 ;-0,0045 ; 0,0087 ; 0,1090 ; 0,1100 ; 41.787,0000 ; 0,0086 ; 0,1080 ; 0,0051 ; 1,0086 ; 0,0943 ; 1,0046 ; 0,0638 ; 0,9955 ; 0,0727 ; 0,1100 ;Passado
2014;jun/14;jun;2014; 2,2355 ; 2,2349 ; 0,0040 ;-0,0063 ; 0,0082 ; 0,1090 ; 0,1100 ; 41.787,0000 ; 0,0082 ; 0,1080 ; 0,0051 ; 1,0082 ; 0,0968 ; 1,0040 ; 0,0652 ; 0,9937 ; 0,0578 ; 0,1100 ;Passado
2014;jul/14;jul;2014; 2,2247 ; 2,2240 ; 0,0001 ;-0,0055 ; 0,0095 ; 0,1090 ; 0,1100 ; 41.836,0000 ; 0,0094 ; 0,1080 ; 0,0051 ; 1,0094 ; 0,0993 ; 1,0001 ; 0,0650 ; 0,9945 ; 0,0505 ; 0,1100 ;Passado
2014;ago/14;ago;2014; 2,2680 ; 2,2674 ; 0,0025 ; 0,0006 ; 0,0087 ; 0,1090 ; 0,1100 ; 41.836,0000 ; 0,0086 ; 0,1082 ; 0,0051 ; 1,0086 ; 0,1011 ; 1,0025 ; 0,0651 ; 1,0006 ; 0,0463 ; 0,1100 ;Passado
2014;set/14;set;2014; 2,3329 ; 2,3323 ; 0,0057 ; 0,0002 ; 0,0091 ; 0,1090 ; 0,1100 ; 41.885,0000 ; 0,0090 ; 0,1082 ; 0,0051 ; 1,0090 ; 0,1033 ; 1,0057 ; 0,0675 ; 1,0002 ; 0,0325 ; 0,1100 ;Passado
2014;out/14;out;2014; 2,4483 ; 2,4476 ; 0,0042 ; 0,0059 ; 0,0095 ; 0,1092 ; 0,1125 ; 41.941,0000 ; 0,0094 ; 0,1085 ; 0,0051 ; 1,0094 ; 0,1048 ; 1,0042 ; 0,0659 ; 1,0059 ; 0,0321 ; 0,1125 ;Passado
2014;nov/14;nov;2014; 2,5484 ; 2,5477 ; 0,0051 ; 0,0114 ; 0,0084 ; 0,1115 ; 0,1125 ; 41.941,0000 ; 0,0084 ; 0,1109 ; 0,0051 ; 1,0084 ; 0,1062 ; 1,0051 ; 0,0656 ; 1,0114 ; 0,0410 ; 0,1125 ;Passado
2014;dez/14;dez;2014; 2,6394 ; 2,6387 ; 0,0078 ; 0,0038 ; 0,0096 ; 0,1158 ; 0,1175 ; 41.976,0000 ; 0,0096 ; 0,1151 ; 0,0051 ; 1,0096 ; 0,1081 ; 1,0078 ; 0,0641 ; 1,0038 ; 0,0378 ; 0,1175 ;Passado
2015;jan/15;jan;2015; 2,6342 ; 2,6336 ; 0,0124 ; 0,0067 ; 0,0094 ; 0,1182 ; 0,1225 ; 42.025,0000 ; 0,0093 ; 0,1174 ;-0,0355 ; 1,0093 ; 0,1091 ; 1,0124 ; 0,0714 ; 1,0067 ; 0,0406 ; 0,1225 ;Passado
2015;fev/15;fev;2015; 2,8165 ; 2,8158 ; 0,0122 ; 0,0053 ; 0,0082 ; 0,1215 ; 0,1225 ; 42.025,0000 ; 0,0082 ; 0,1209 ;-0,0355 ; 1,0082 ; 0,1095 ; 1,0122 ; 0,0770 ; 1,0053 ; 0,0373 ; 0,1225 ;Passado
2015;mar/15;mar;2015; 3,1395 ; 3,1389 ; 0,0132 ; 0,0121 ; 0,0104 ; 0,1258 ; 0,1275 ; 42.067,0000 ; 0,0104 ; 0,1253 ;-0,0355 ; 1,0104 ; 0,1126 ; 1,0132 ; 0,0813 ; 1,0121 ; 0,0345 ; 0,1275 ;Passado
2015;abr/15;abr;2015; 3,0432 ; 3,0426 ; 0,0071 ; 0,0092 ; 0,0095 ; 0,1268 ; 0,1325 ; 42.123,0000 ; 0,0095 ; 0,1263 ;-0,0355 ; 1,0095 ; 0,1140 ; 1,0071 ; 0,0817 ; 1,0092 ; 0,0394 ; 0,1325 ;Passado
2015;mai/15;mai;2015; 3,0617 ; 3,0611 ; 0,0074 ; 0,0040 ; 0,0099 ; 0,1315 ; 0,1325 ; 42.123,0000 ; 0,0098 ; 0,1313 ;-0,0355 ; 1,0098 ; 0,1154 ; 1,0074 ; 0,0847 ; 1,0040 ; 0,0482 ; 0,1325 ;Passado
2015;jun/15;jun;2015; 3,1117 ; 3,1111 ; 0,0079 ; 0,0068 ; 0,0107 ; 0,1358 ; 0,1375 ; 42.158,0000 ; 0,0107 ; 0,1357 ;-0,0355 ; 1,0107 ; 0,1182 ; 1,0079 ; 0,0889 ; 1,0068 ; 0,0621 ; 0,1375 ;Passado
2015;jul/15;jul;2015; 3,2231 ; 3,2225 ; 0,0062 ; 0,0058 ; 0,0118 ; 0,1369 ; 0,1425 ; 42.214,0000 ; 0,0118 ; 0,1368 ;-0,0355 ; 1,0118 ; 0,1208 ; 1,0062 ; 0,0956 ; 1,0058 ; 0,0741 ; 0,1425 ;Passado
2015;ago/15;ago;2015; 3,5143 ; 3,5137 ; 0,0022 ; 0,0040 ; 0,0111 ; 0,1415 ; 0,1425 ; 42.214,0000 ; 0,0111 ; 0,1413 ;-0,0355 ; 1,0111 ; 0,1235 ; 1,0022 ; 0,0953 ; 1,0040 ; 0,0778 ; 0,1425 ;Passado
2015;set/15;set;2015; 3,9065 ; 3,9058 ; 0,0054 ; 0,0142 ; 0,0111 ; 0,1415 ; 0,1425 ; 42.249,0000 ; 0,0111 ; 0,1413 ;-0,0355 ; 1,0111 ; 0,1258 ; 1,0054 ; 0,0949 ; 1,0142 ; 0,0929 ; 0,1425 ;Passado
2015;out/15;out;2015; 3,8801 ; 3,8795 ; 0,0082 ; 0,0176 ; 0,0111 ; 0,1415 ; 0,1425 ; 42.298,0000 ; 0,0111 ; 0,1413 ;-0,0355 ; 1,0111 ; 0,1277 ; 1,0082 ; 0,0993 ; 1,0176 ; 0,1056 ; 0,1425 ;Passado
2015;nov/15;nov;2015; 3,7765 ; 3,7758 ; 0,0101 ; 0,0119 ; 0,0106 ; 0,1415 ; 0,1425 ; 42.333,0000 ; 0,0106 ; 0,1414 ;-0,0355 ; 1,0106 ; 0,1301 ; 1,0101 ; 0,1048 ; 1,0119 ; 0,1061 ; 0,1425 ;Passado
2015;dez/15;dez;2015; 3,8711 ; 3,8705 ; 0,0096 ; 0,0044 ; 0,0116 ; 0,1415 ; 0,1425 ; 42.333,0000 ; 0,0116 ; 0,1414 ;-0,0355 ; 1,0116 ; 0,1324 ; 1,0096 ; 0,1067 ; 1,0044 ; 0,1068 ; 0,1425 ;Passado
2016;jan/16;jan;2016; 4,0524 ; 4,0517 ; 0,0127 ; 0,0153 ; 0,0106 ; 0,1415 ; 0,1425 ; 42.389,0000 ; 0,0105 ; 0,1414 ;-0,0344 ; 1,0105 ; 0,1338 ; 1,0127 ; 0,1071 ; 1,0153 ; 0,1162 ; 0,1425 ;Passado
2016;fev/16;fev;2016; 3,9737 ; 3,9731 ; 0,0090 ; 0,0079 ; 0,0100 ; 0,1415 ; 0,1425 ; 42.389,0000 ; 0,0100 ; 0,1413 ;-0,0344 ; 1,0100 ; 0,1359 ; 1,0090 ; 0,1036 ; 1,0079 ; 0,1191 ; 0,1425 ;Passado
2016;mar/16;mar;2016; 3,7039 ; 3,7033 ; 0,0043 ; 0,0043 ; 0,0116 ; 0,1415 ; 0,1425 ; 42.431,0000 ; 0,0116 ; 0,1413 ;-0,0344 ; 1,0116 ; 0,1373 ; 1,0043 ; 0,0939 ; 1,0043 ; 0,1105 ; 0,1425 ;Passado
2016;abr/16;abr;2016; 3,5659 ; 3,5652 ; 0,0061 ; 0,0036 ; 0,0106 ; 0,1415 ; 0,1425 ; 42.487,0000 ; 0,0105 ; 0,1413 ;-0,0344 ; 1,0105 ; 0,1385 ; 1,0061 ; 0,0928 ; 1,0036 ; 0,1043 ; 0,1425 ;Passado
2016;mai/16;mai;2016; 3,5393 ; 3,5387 ; 0,0078 ; 0,0113 ; 0,0111 ; 0,1415 ; 0,1425 ; 42.487,0000 ; 0,0111 ; 0,1413 ;-0,0344 ; 1,0111 ; 0,1398 ; 1,0078 ; 0,0932 ; 1,0113 ; 0,1124 ; 0,1425 ;Passado
2016;jun/16;jun;2016; 3,4245 ; 3,4239 ; 0,0035 ; 0,0163 ; 0,0116 ; 0,1415 ; 0,1425 ; 42.529,0000 ; 0,0116 ; 0,1413 ;-0,0344 ; 1,0116 ; 0,1409 ; 1,0035 ; 0,0884 ; 1,0163 ; 0,1229 ; 0,1425 ;Passado
2016;jul/16;jul;2016; 3,2756 ; 3,2750 ; 0,0052 ;-0,0039 ; 0,0111 ; 0,1415 ; 0,1425 ; 42.571,0000 ; 0,0111 ; 0,1413 ;-0,0344 ; 1,0111 ; 0,1401 ; 1,0052 ; 0,0874 ; 0,9961 ; 0,1120 ; 0,1425 ;Passado
2016;ago/16;ago;2016; 3,2097 ; 3,2091 ; 0,0044 ; 0,0043 ; 0,0122 ; 0,1415 ; 0,1425 ; 42.613,0000 ; 0,0121 ; 0,1413 ;-0,0344 ; 1,0121 ; 0,1413 ; 1,0044 ; 0,0897 ; 1,0043 ; 0,1124 ; 0,1425 ;Passado
2016;set/16;set;2016; 3,2564 ; 3,2558 ; 0,0008 ; 0,0003 ; 0,0111 ; 0,1415 ; 0,1425 ; 42.613,0000 ; 0,0111 ; 0,1413 ;-0,0344 ; 1,0111 ; 0,1413 ; 1,0008 ; 0,0848 ; 1,0003 ; 0,0971 ; 0,1425 ;Passado
2016;out/16;out;2016; 3,1859 ; 3,1852 ; 0,0026 ; 0,0013 ; 0,0105 ; 0,1405 ; 0,1400 ; 42.662,0000 ; 0,0105 ; 0,1403 ;-0,0344 ; 1,0105 ; 0,1406 ; 1,0026 ; 0,0787 ; 1,0013 ; 0,0796 ; 0,1400 ;Passado
2016;nov/16;nov;2016; 3,3420 ; 3,3414 ; 0,0018 ; 0,0005 ; 0,0104 ; 0,1390 ; 0,1375 ; 42.704,0000 ; 0,0104 ; 0,1388 ;-0,0344 ; 1,0104 ; 0,1404 ; 1,0018 ; 0,0699 ; 1,0005 ; 0,0674 ; 0,1375 ;Passado
2016;dez/16;dez;2016; 3,3523 ; 3,3517 ; 0,0030 ; 0,0083 ; 0,0112 ; 0,1365 ; 0,1375 ; 42.704,0000 ; 0,0112 ; 0,1363 ;-0,0344 ; 1,0112 ; 0,1400 ; 1,0030 ; 0,0629 ; 1,0083 ; 0,0715 ; 0,1375 ;Passado
2017;jan/17;jan;2017; 3,1966 ; 3,1960 ; 0,0038 ; 0,0043 ; 0,0109 ; 0,1317 ; 0,1300 ; 42.746,0000 ; 0,0108 ; 0,1315 ; 0,0105 ; 1,0108 ; 0,1403 ; 1,0038 ; 0,0535 ; 1,0043 ; 0,0599 ; 0,1300 ;Passado
2017;fev/17;fev;2017; 3,1042 ; 3,1036 ; 0,0033 ; 0,0006 ; 0,0087 ; 0,1282 ; 0,1225 ; 42.788,0000 ; 0,0086 ; 0,1280 ; 0,0105 ; 1,0086 ; 0,1388 ; 1,0033 ; 0,0476 ; 1,0006 ; 0,0522 ; 0,1225 ;Passado
2017;mar/17;mar;2017; 3,1279 ; 3,1273 ; 0,0025 ;-0,0038 ; 0,0105 ; 0,1215 ; 0,1225 ; 42.788,0000 ; 0,0105 ; 0,1213 ; 0,0105 ; 1,0105 ; 0,1375 ; 1,0025 ; 0,0457 ; 0,9962 ; 0,0438 ; 0,1225 ;Passado
2017;abr/17;abr;2017; 3,1362 ; 3,1356 ; 0,0014 ;-0,0124 ; 0,0079 ; 0,1159 ; 0,1125 ; 42.837,0000 ; 0,0079 ; 0,1157 ; 0,0105 ; 1,0079 ; 0,1345 ; 1,0014 ; 0,0408 ; 0,9876 ; 0,0271 ; 0,1125 ;Passado
2017;mai/17;mai;2017; 3,2095 ; 3,2087 ; 0,0031 ;-0,0051 ; 0,0093 ; 0,1115 ; 0,1025 ; 42.886,0000 ; 0,0093 ; 0,1113 ; 0,0105 ; 1,0093 ; 0,1325 ; 1,0031 ; 0,0360 ; 0,9949 ; 0,0105 ; 0,1025 ;Passado
2017;jun/17;jun;2017; 3,2954 ; 3,2948 ;-0,0023 ;-0,0096 ; 0,0081 ; 0,1015 ; 0,1025 ; 42.886,0000 ; 0,0081 ; 0,1014 ; 0,0105 ; 1,0081 ; 0,1285 ; 0,9977 ; 0,0300 ; 0,9904 ;-0,0153 ; 0,1025 ;Passado
2017;jul/17;jul;2017; 3,2061 ; 3,2055 ; 0,0024 ;-0,0030 ; 0,0080 ; 0,1001 ; 0,0925 ; 42.942,0000 ; 0,0080 ; 0,1000 ; 0,0105 ; 1,0080 ; 0,1251 ; 1,0024 ; 0,0271 ; 0,9970 ;-0,0144 ; 0,0925 ;Passado
2017;ago/17;ago;2017; 3,1509 ; 3,1503 ; 0,0019 ; 0,0024 ; 0,0080 ; 0,0915 ; 0,0925 ; 42.942,0000 ; 0,0080 ; 0,0914 ; 0,0105 ; 1,0080 ; 0,1205 ; 1,0019 ; 0,0246 ; 1,0024 ;-0,0163 ; 0,0925 ;Passado
2017;set/17;set;2017; 3,1348 ; 3,1342 ; 0,0016 ; 0,0062 ; 0,0064 ; 0,0835 ; 0,0825 ; 42.984,0000 ; 0,0064 ; 0,0834 ; 0,0105 ; 1,0064 ; 0,1153 ; 1,0016 ; 0,0254 ; 1,0062 ;-0,0105 ; 0,0825 ;Passado
2017;out/17;out;2017; 3,1912 ; 3,1906 ; 0,0042 ; 0,0010 ; 0,0064 ; 0,0801 ; 0,0750 ; 43.033,0000 ; 0,0064 ; 0,0800 ; 0,0105 ; 1,0064 ; 0,1108 ; 1,0042 ; 0,0270 ; 1,0010 ;-0,0108 ; 0,0750 ;Passado
2017;nov/17;nov;2017; 3,2594 ; 3,2586 ; 0,0028 ; 0,0080 ; 0,0057 ; 0,0740 ; 0,0750 ; 43.033,0000 ; 0,0057 ; 0,0739 ; 0,0105 ; 1,0057 ; 0,1056 ; 1,0028 ; 0,0280 ; 1,0080 ;-0,0033 ; 0,0750 ;Passado
2017;dez/17;dez;2017; 3,2919 ; 3,2905 ; 0,0044 ; 0,0074 ; 0,0054 ; 0,0700 ; 0,0700 ; 43.075,0000 ; 0,0054 ; 0,0699 ; 0,0105 ; 1,0054 ; 0,0993 ; 1,0044 ; 0,0295 ; 1,0074 ;-0,0042 ; 0,0700 ;Passado
2018;jan/18;jan;2018; 3,2106 ; 3,2134 ; 0,0029 ; 0,0058 ; 0,0058 ; 0,0690 ; 0,0700 ; 43.075,0000 ; 0,0058 ; 0,0689 ; 0,0126 ; 1,0058 ; 0,0938 ; 1,0029 ; 0,0286 ; 1,0058 ;-0,0027 ; 0,0700 ;Passado
2018;fev/18;fev;2018; 3,2415 ; 3,2409 ; 0,0032 ; 0,0015 ; 0,0047 ; 0,0672 ; 0,0675 ; 43.138,0000 ; 0,0046 ; 0,0671 ; 0,0126 ; 1,0046 ; 0,0895 ; 1,0032 ; 0,0284 ; 1,0015 ;-0,0018 ; 0,0675 ;Passado
2018;mar/18;mar;2018; 3,2792 ; 3,2786 ; 0,0009 ; 0,0056 ; 0,0053 ; 0,0658 ; 0,0650 ; 43.180,0000 ; 0,0053 ; 0,0657 ; 0,0126 ; 1,0053 ; 0,0839 ; 1,0009 ; 0,0268 ; 1,0056 ; 0,0076 ; 0,0650 ;Passado
2018;abr/18;abr;2018; 3,4075 ; 3,4069 ; 0,0022 ; 0,0093 ; 0,0052 ; 0,0640 ; 0,0650 ; 43.180,0000 ; 0,0052 ; 0,0639 ; 0,0126 ; 1,0052 ; 0,0810 ; 1,0022 ; 0,0276 ; 1,0093 ; 0,0297 ; 0,0650 ;Passado
2018;mai/18;mai;2018; 3,6361 ; 3,6355 ; 0,0040 ; 0,0164 ; 0,0052 ; 0,0640 ; 0,0650 ; 43.236,0000 ; 0,0052 ; 0,0639 ; 0,0126 ; 1,0052 ; 0,0766 ; 1,0040 ; 0,0285 ; 1,0164 ; 0,0520 ; 0,0650 ;Passado
2018;jun/18;jun;2018; 3,7732 ; 3,7726 ; 0,0126 ; 0,0148 ; 0,0052 ; 0,0640 ; 0,0650 ; 43.271,0000 ; 0,0052 ; 0,0639 ; 0,0126 ; 1,0052 ; 0,0735 ; 1,0126 ; 0,0439 ; 1,0148 ; 0,0779 ; 0,0650 ;Passado
2018;jul/18;jul;2018; 3,8288 ; 3,8262 ; 0,0033 ; 0,0044 ; 0,0052 ; 0,0610 ; 0,0650 ; 43.271,0000 ; 0,0054 ; 0,0639 ; 0,0126 ; 1,0054 ; 0,0708 ; 1,0033 ; 0,0448 ; 1,0044 ; 0,0859 ; 0,0650 ;Passado
2018;ago/18;ago;2018; 3,9298 ; 3,9292 ;-0,0009 ; 0,0068 ; 0,0057 ; 0,0640 ; 0,0650 ; 43.313,0000 ; 0,0057 ; 0,0639 ; 0,0126 ; 1,0057 ; 0,0683 ; 0,9991 ; 0,0419 ; 1,0068 ; 0,0906 ; 0,0650 ;Passado
2018;set/18;set;2018; 4,1166 ; 4,1200 ; 0,0045 ; 0,0160 ; 0,0047 ; 0,0640 ; 0,0650 ; 43.362,0000 ; 0,0047 ; 0,0638 ; 0,0126 ; 1,0047 ; 0,0665 ; 1,0045 ; 0,0449 ; 1,0160 ; 0,1013 ; 0,0650 ;Passado
2018;out/18;out;2018; 4,1500 ; 4,2000 ; 0,0040 ; 0,0050 ; 0,0054 ; 0,0640 ; 0,0700 ; 43.404,0000 ; 0,0053 ; 0,0638 ; 0,0126 ; 1,0053 ; 0,0653 ; 1,0040 ; 0,0447 ; 1,0050 ; 0,1057 ;;Passado
2018;nov/18;nov;2018; 4,0000 ; 4,2500 ; 0,0030 ; 0,0045 ; 0,0053 ; 0,0690 ; 0,0700 ; 43.404,0000 ; 0,0048 ; 0,0688 ; 0,0126 ; 1,0048 ; 0,0644 ; 1,0030 ; 0,0449 ; 1,0045 ; 0,1018 ;;Passado
2018;dez/18;dez;2018; 4,0000 ; 4,2000 ; 0,0035 ; 0,0040 ; 0,0055 ; 0,0720 ; 0,0675 ; 43.446,0000 ; 0,0052 ; 0,0718 ; 0,0126 ; 1,0052 ; 0,0642 ; 1,0035 ; 0,0440 ; 1,0040 ; 0,0981 ;;Passado
2019;jan/19;jan;2019; 4,0000 ; 4,1833 ; 0,0037 ; 0,0044 ; 0,0054 ; 0,0665 ; 0,0675 ; 43.488,0000 ; 0,0057 ; 0,0675 ; 0,0180 ; 1,0057 ; 0,0641 ; 1,0037 ; 0,0449 ; 1,0044 ; 0,0966 ;;Atual
2019;fev/19;fev;2019; 4,0000 ; 4,1667 ; 0,0037 ; 0,0044 ; 0,0054 ; 0,0665 ; 0,0675 ; 43.488,0000 ; 0,0052 ; 0,0675 ; 0,0180 ; 1,0052 ; 0,0647 ; 1,0037 ; 0,0455 ; 1,0044 ; 0,0997 ;;Futuro
2019;mar/19;mar;2019; 4,0000 ; 4,1500 ; 0,0037 ; 0,0044 ; 0,0054 ; 0,0665 ; 0,0675 ; 43.530,0000 ; 0,0049 ; 0,0675 ; 0,0180 ; 1,0049 ; 0,0643 ; 1,0037 ; 0,0484 ; 1,0044 ; 0,0984 ;;Futuro
2019;abr/19;abr;2019; 4,0000 ; 4,1333 ; 0,0037 ; 0,0044 ; 0,0056 ; 0,0690 ; 0,0700 ; 43.572,0000 ; 0,0059 ; 0,0700 ; 0,0180 ; 1,0059 ; 0,0651 ; 1,0037 ; 0,0501 ; 1,0044 ; 0,0930 ;;Futuro
2019;mai/19;mai;2019; 4,0000 ; 4,1167 ; 0,0037 ; 0,0044 ; 0,0056 ; 0,0690 ; 0,0700 ; 43.572,0000 ; 0,0059 ; 0,0700 ; 0,0180 ; 1,0059 ; 0,0659 ; 1,0037 ; 0,0498 ; 1,0044 ; 0,0801 ;;Futuro
2019;jun/19;jun;2019; 4,0000 ; 4,1000 ; 0,0037 ; 0,0044 ; 0,0058 ; 0,0715 ; 0,0725 ; 43.614,0000 ; 0,0053 ; 0,0725 ; 0,0180 ; 1,0053 ; 0,0660 ; 1,0037 ; 0,0406 ; 1,0044 ; 0,0690 ;;Futuro
2019;jul/19;jul;2019; 4,0000 ; 4,0833 ; 0,0037 ; 0,0044 ; 0,0060 ; 0,0740 ; 0,0750 ; 43.656,0000 ; 0,0066 ; 0,0750 ; 0,0180 ; 1,0066 ; 0,0673 ; 1,0037 ; 0,0411 ; 1,0044 ; 0,0689 ;;Futuro
2019;ago/19;ago;2019; 4,0000 ; 4,0667 ; 0,0037 ; 0,0044 ; 0,0060 ; 0,0740 ; 0,0750 ; 43.698,0000 ; 0,0063 ; 0,0750 ; 0,0180 ; 1,0063 ; 0,0680 ; 1,0037 ; 0,0459 ; 1,0044 ; 0,0664 ;;Futuro
2019;set/19;set;2019; 4,0000 ; 4,0500 ; 0,0037 ; 0,0044 ; 0,0064 ; 0,0790 ; 0,0800 ; 43.698,0000 ; 0,0064 ; 0,0800 ; 0,0180 ; 1,0064 ; 0,0698 ; 1,0037 ; 0,0452 ; 1,0044 ; 0,0542 ;;Futuro
2019;out/19;out;2019; 4,0000 ; 4,0333 ; 0,0037 ; 0,0044 ; 0,0066 ; 0,0815 ; 0,0825 ; 43.740,0000 ; 0,0073 ; 0,0825 ; 0,0180 ; 1,0073 ; 0,0719 ; 1,0037 ; 0,0449 ; 1,0044 ; 0,0535 ;;Futuro
2019;nov/19;nov;2019; 4,0000 ; 4,0167 ; 0,0037 ; 0,0044 ; 0,0066 ; 0,0815 ; 0,0825 ; 43.782,0000 ; 0,0063 ; 0,0825 ; 0,0180 ; 1,0063 ; 0,0735 ; 1,0037 ; 0,0457 ; 1,0044 ; 0,0534 ;;Futuro
2019;dez/19;dez;2019; 4,0000 ; 4,0000 ; 0,0037 ; 0,0044 ; 0,0066 ; 0,0815 ; 0,0825 ; 43.824,0000 ; 0,0066 ; 0,0825 ; 0,0180 ; 1,0066 ; 0,0750 ; 1,0037 ; 0,0459 ; 1,0044 ; 0,0538 ;;Futuro
2020;jan/20;jan;2020; 4,0250 ; 4,0250 ; 0,0041 ; 0,0046 ; 0,0066 ; 0,0815 ; 0,0825 ; 43.824,0000 ; 0,0069 ; 0,0825 ; 0,0201 ; 1,0069 ; 0,0764 ; 1,0041 ; 0,0463 ; 1,0046 ; 0,0540 ;;Futuro
2020;fev/20;fev;2020; 4,0500 ; 4,0500 ; 0,0041 ; 0,0046 ; 0,0066 ; 0,0821 ; 0,0831 ; 43.866,0000 ; 0,0057 ; 0,0831 ; 0,0201 ; 1,0057 ; 0,0769 ; 1,0041 ; 0,0466 ; 1,0046 ; 0,0542 ;;Futuro
2020;mar/20;mar;2020; 4,0750 ; 4,0750 ; 0,0041 ; 0,0046 ; 0,0066 ; 0,0828 ; 0,0838 ; 43.908,0000 ; 0,0074 ; 0,0838 ; 0,0201 ; 1,0074 ; 0,0795 ; 1,0041 ; 0,0469 ; 1,0046 ; 0,0544 ;;Futuro
2020;abr/20;abr;2020; 4,1000 ; 4,1000 ; 0,0041 ; 0,0046 ; 0,0067 ; 0,0834 ; 0,0844 ; 43.950,0000 ; 0,0061 ; 0,0844 ; 0,0201 ; 1,0061 ; 0,0797 ; 1,0041 ; 0,0473 ; 1,0046 ; 0,0546 ;;Futuro
2020;mai/20;mai;2020; 4,1250 ; 4,1250 ; 0,0041 ; 0,0046 ; 0,0067 ; 0,0834 ; 0,0844 ; 43.950,0000 ; 0,0068 ; 0,0844 ; 0,0201 ; 1,0068 ; 0,0806 ; 1,0041 ; 0,0476 ; 1,0046 ; 0,0549 ;;Futuro
2020;jun/20;jun;2020; 4,1500 ; 4,1500 ; 0,0041 ; 0,0046 ; 0,0067 ; 0,0840 ; 0,0850 ; 43.992,0000 ; 0,0068 ; 0,0850 ; 0,0201 ; 1,0068 ; 0,0823 ; 1,0041 ; 0,0480 ; 1,0046 ; 0,0551 ;;Futuro
2020;jul/20;jul;2020; 4,1750 ; 4,1750 ; 0,0041 ; 0,0046 ; 0,0068 ; 0,0846 ; 0,0856 ; 44.034,0000 ; 0,0069 ; 0,0856 ; 0,0201 ; 1,0069 ; 0,0826 ; 1,0041 ; 0,0483 ; 1,0046 ; 0,0553 ;;Futuro
2020;ago/20;ago;2020; 4,2000 ; 4,2000 ; 0,0041 ; 0,0046 ; 0,0068 ; 0,0846 ; 0,0856 ; 44.034,0000 ; 0,0072 ; 0,0856 ; 0,0201 ; 1,0072 ; 0,0835 ; 1,0041 ; 0,0486 ; 1,0046 ; 0,0555 ;;Futuro
2020;set/20;set;2020; 4,2250 ; 4,2250 ; 0,0041 ; 0,0046 ; 0,0068 ; 0,0853 ; 0,0863 ; 44.076,0000 ; 0,0069 ; 0,0863 ; 0,0201 ; 1,0069 ; 0,0840 ; 1,0041 ; 0,0490 ; 1,0046 ; 0,0557 ;;Futuro
2020;out/20;out;2020; 4,2500 ; 4,2500 ; 0,0041 ; 0,0046 ; 0,0069 ; 0,0859 ; 0,0869 ; 44.118,0000 ; 0,0066 ; 0,0869 ; 0,0201 ; 1,0066 ; 0,0833 ; 1,0041 ; 0,0493 ; 1,0046 ; 0,0560 ;;Futuro
2020;nov/20;nov;2020; 4,2750 ; 4,2750 ; 0,0041 ; 0,0046 ; 0,0069 ; 0,0865 ; 0,0875 ; 44.160,0000 ; 0,0067 ; 0,0875 ; 0,0201 ; 1,0067 ; 0,0837 ; 1,0041 ; 0,0497 ; 1,0046 ; 0,0562 ;;Futuro
2020;dez/20;dez;2020; 4,3000 ; 4,3000 ; 0,0041 ; 0,0046 ; 0,0069 ; 0,0865 ; 0,0875 ; 44.160,0000 ; 0,0063 ; 0,0875 ; 0,0201 ; 1,0063 ; 0,0834 ; 1,0041 ; 0,0500 ; 1,0046 ; 0,0564 ;;Futuro
