Seq,Dia,Mes,Dia da Semana,Vendas ano anterior,Propaganda,Desconto,Promo,Fim de semana,Feriado,Evento,Vendas totais,Variacao,Camisetas lisas,Cam Estampadas,Vestidos ,Vestidos Estampados,Lencos,Masc Esporte,Masc Classica,Masc  MovSocial,Masc Mensagem,Masc Estilo,Cam E Esporte,Cam E Classica,Cam E MovSocial,Cam E Estilo,Cam E Esporte2,Cam E Inov,Faturamento Camisetas,Faturamento Vestidos,Faturamento lencos,Faturamento Mascaras,Faturamento novos produtos,Faturamento TOTAL
1.000000,2020-01-01,"jan","qua",162.000000,10.000000,10.000000,1.000000,0.000000,1.000000,0.000000,331.000000,29.296875,1.000000,1.000000,3.000000,2.000000,2.000000,0.000000,0.000000,0.000000,0.000000,0.000000,0.000000,0.000000,0.000000,0.000000,0.000000,0.000000,85.000000,290.000000,30.000000,0.000000,0.000000,405.000000
2.000000,2020-01-02,"jan","qui",713.000000,15.000000,10.000000,1.000000,0.000000,0.000000,0.000000,371.000000,30.175439,6.000000,7.000000,8.000000,7.000000,7.000000,0.000000,0.000000,0.000000,0.000000,0.000000,0.000000,0.000000,0.000000,0.000000,0.000000,0.000000,565.000000,915.000000,105.000000,0.000000,0.000000,1585.000000
3.000000,2020-01-03,"jan","sex",686.000000,15.000000,15.000000,1.000000,0.000000,0.000000,0.000000,372.000000,51.836735,7.000000,8.000000,7.000000,8.000000,7.000000,0.000000,0.000000,0.000000,0.000000,0.000000,0.000000,0.000000,0.000000,0.000000,0.000000,0.000000,650.000000,960.000000,105.000000,0.000000,0.000000,1715.000000
4.000000,2020-01-04,"jan","sab",997.000000,15.000000,15.000000,1.000000,1.000000,0.000000,0.000000,373.000000,58.723404,9.000000,8.000000,10.000000,9.000000,8.000000,0.000000,0.000000,0.000000,0.000000,0.000000,0.000000,0.000000,0.000000,0.000000,0.000000,0.000000,710.000000,1165.000000,120.000000,0.000000,0.000000,1995.000000
5.000000,2020-01-05,"jan","dom",962.000000,15.000000,15.000000,1.000000,1.000000,0.000000,0.000000,391.000000,47.547170,8.000000,9.000000,9.000000,8.000000,10.000000,0.000000,0.000000,0.000000,0.000000,0.000000,0.000000,0.000000,0.000000,0.000000,0.000000,0.000000,735.000000,1040.000000,150.000000,0.000000,0.000000,1925.000000
6.000000,2020-01-06,"jan","seg",646.000000,15.000000,15.000000,1.000000,0.000000,0.000000,0.000000,370.000000,55.462185,7.000000,7.000000,8.000000,7.000000,7.000000,0.000000,0.000000,0.000000,0.000000,0.000000,0.000000,0.000000,0.000000,0.000000,0.000000,0.000000,595.000000,915.000000,105.000000,0.000000,0.000000,1615.000000
7.000000,2020-01-07,"jan","ter",845.000000,15.000000,15.000000,1.000000,0.000000,0.000000,0.000000,367.000000,52.282158,9.000000,7.000000,8.000000,7.000000,8.000000,0.000000,0.000000,0.000000,0.000000,0.000000,0.000000,0.000000,0.000000,0.000000,0.000000,0.000000,655.000000,915.000000,120.000000,0.000000,0.000000,1690.000000
8.000000,2020-01-08,"jan","qua",605.000000,15.000000,15.000000,1.000000,0.000000,0.000000,0.000000,391.000000,52.734375,8.000000,9.000000,7.000000,7.000000,8.000000,0.000000,0.000000,0.000000,0.000000,0.000000,0.000000,0.000000,0.000000,0.000000,0.000000,0.000000,735.000000,875.000000,120.000000,0.000000,0.000000,1730.000000
9.000000,2020-01-09,"jan","qui",698.000000,15.000000,15.000000,1.000000,0.000000,0.000000,0.000000,420.000000,49.466192,8.000000,8.000000,7.000000,8.000000,7.000000,0.000000,0.000000,0.000000,0.000000,0.000000,0.000000,0.000000,0.000000,0.000000,0.000000,0.000000,680.000000,960.000000,105.000000,0.000000,0.000000,1745.000000
10.000000,2020-01-10,"jan","sex",680.000000,15.000000,15.000000,1.000000,0.000000,0.000000,0.000000,381.000000,50.000000,8.000000,8.000000,8.000000,7.000000,7.000000,0.000000,0.000000,0.000000,0.000000,0.000000,0.000000,0.000000,0.000000,0.000000,0.000000,0.000000,680.000000,915.000000,105.000000,0.000000,0.000000,1700.000000
11.000000,2020-01-11,"jan","sab",717.000000,15.000000,15.000000,1.000000,1.000000,0.000000,0.000000,362.000000,52.742616,8.000000,10.000000,9.000000,9.000000,9.000000,0.000000,0.000000,0.000000,0.000000,0.000000,0.000000,0.000000,0.000000,0.000000,0.000000,0.000000,790.000000,1125.000000,135.000000,0.000000,0.000000,2050.000000
12.000000,2020-01-12,"jan","dom",915.000000,15.000000,10.000000,0.000000,1.000000,0.000000,0.000000,315.000000,31.799163,9.000000,9.000000,7.000000,8.000000,7.000000,0.000000,0.000000,0.000000,0.000000,0.000000,0.000000,0.000000,0.000000,0.000000,0.000000,0.000000,765.000000,960.000000,105.000000,0.000000,0.000000,1830.000000
13.000000,2020-01-13,"jan","seg",534.000000,10.000000,10.000000,0.000000,0.000000,0.000000,0.000000,316.000000,31.120332,6.000000,6.000000,6.000000,6.000000,5.000000,0.000000,0.000000,0.000000,0.000000,0.000000,0.000000,0.000000,0.000000,0.000000,0.000000,0.000000,510.000000,750.000000,75.000000,0.000000,0.000000,1335.000000
14.000000,2020-01-14,"jan","ter",605.000000,10.000000,10.000000,0.000000,0.000000,0.000000,0.000000,325.000000,32.653061,5.000000,5.000000,5.000000,6.000000,5.000000,0.000000,0.000000,0.000000,0.000000,0.000000,0.000000,0.000000,0.000000,0.000000,0.000000,0.000000,425.000000,710.000000,75.000000,0.000000,0.000000,1210.000000
15.000000,2020-01-15,"jan","qua",715.000000,10.000000,10.000000,0.000000,0.000000,0.000000,0.000000,329.000000,28.515625,7.000000,7.000000,7.000000,7.000000,8.000000,0.000000,0.000000,0.000000,0.000000,0.000000,0.000000,0.000000,0.000000,0.000000,0.000000,0.000000,595.000000,875.000000,120.000000,0.000000,0.000000,1590.000000
16.000000,2020-01-16,"jan","qui",486.000000,10.000000,10.000000,0.000000,0.000000,0.000000,0.000000,357.000000,25.263158,6.000000,6.000000,7.000000,6.000000,6.000000,0.000000,0.000000,0.000000,0.000000,0.000000,0.000000,0.000000,0.000000,0.000000,0.000000,0.000000,510.000000,790.000000,90.000000,0.000000,0.000000,1390.000000
17.000000,2020-01-17,"jan","sex",675.000000,10.000000,10.000000,0.000000,0.000000,0.000000,0.000000,323.000000,31.836735,6.000000,6.000000,6.000000,6.000000,6.000000,0.000000,0.000000,0.000000,0.000000,0.000000,0.000000,0.000000,0.000000,0.000000,0.000000,0.000000,510.000000,750.000000,90.000000,0.000000,0.000000,1350.000000
18.000000,2020-01-18,"jan","sab",600.000000,10.000000,10.000000,0.000000,1.000000,0.000000,0.000000,315.000000,34.042553,8.000000,8.000000,8.000000,7.000000,8.000000,0.000000,0.000000,0.000000,0.000000,0.000000,0.000000,0.000000,0.000000,0.000000,0.000000,0.000000,680.000000,915.000000,120.000000,0.000000,0.000000,1715.000000
19.000000,2020-01-19,"jan","dom",767.000000,10.000000,5.000000,0.000000,1.000000,0.000000,0.000000,288.000000,8.679245,7.000000,6.000000,7.000000,7.000000,8.000000,0.000000,0.000000,0.000000,0.000000,0.000000,0.000000,0.000000,0.000000,0.000000,0.000000,0.000000,540.000000,875.000000,120.000000,0.000000,0.000000,1535.000000
20.000000,2020-01-20,"jan","seg",496.000000,10.000000,5.000000,0.000000,0.000000,0.000000,0.000000,259.000000,8.823529,7.000000,6.000000,5.000000,5.000000,5.000000,0.000000,0.000000,0.000000,0.000000,0.000000,0.000000,0.000000,0.000000,0.000000,0.000000,0.000000,540.000000,625.000000,75.000000,0.000000,0.000000,1240.000000
21.000000,2020-01-21,"jan","ter",453.000000,10.000000,5.000000,0.000000,0.000000,0.000000,0.000000,258.000000,7.053942,7.000000,6.000000,6.000000,5.000000,6.000000,0.000000,0.000000,0.000000,0.000000,0.000000,0.000000,0.000000,0.000000,0.000000,0.000000,0.000000,540.000000,665.000000,90.000000,0.000000,0.000000,1295.000000
22.000000,2020-01-22,"jan","qua",596.000000,10.000000,5.000000,0.000000,0.000000,0.000000,0.000000,279.000000,8.984375,5.000000,5.000000,5.000000,7.000000,7.000000,0.000000,0.000000,0.000000,0.000000,0.000000,0.000000,0.000000,0.000000,0.000000,0.000000,0.000000,425.000000,795.000000,105.000000,0.000000,0.000000,1325.000000
23.000000,2020-01-23,"jan","qui",498.000000,10.000000,5.000000,0.000000,0.000000,0.000000,0.000000,311.000000,10.676157,7.000000,6.000000,5.000000,7.000000,6.000000,0.000000,0.000000,0.000000,0.000000,0.000000,0.000000,0.000000,0.000000,0.000000,0.000000,0.000000,540.000000,795.000000,90.000000,0.000000,0.000000,1425.000000
24.000000,2020-01-24,"jan","sex",534.000000,10.000000,5.000000,0.000000,0.000000,0.000000,0.000000,282.000000,11.023622,5.000000,5.000000,6.000000,7.000000,5.000000,0.000000,0.000000,0.000000,0.000000,0.000000,0.000000,0.000000,0.000000,0.000000,0.000000,0.000000,425.000000,835.000000,75.000000,0.000000,0.000000,1335.000000
25.000000,2020-01-25,"jan","sab",730.000000,10.000000,5.000000,0.000000,1.000000,0.000000,0.000000,255.000000,7.594937,6.000000,7.000000,7.000000,6.000000,7.000000,0.000000,0.000000,0.000000,0.000000,0.000000,0.000000,0.000000,0.000000,0.000000,0.000000,0.000000,565.000000,790.000000,105.000000,0.000000,0.000000,1460.000000
26.000000,2020-01-26,"jan","dom",670.000000,10.000000,5.000000,0.000000,1.000000,0.000000,0.000000,269.000000,12.552301,7.000000,8.000000,6.000000,8.000000,7.000000,0.000000,0.000000,0.000000,0.000000,0.000000,0.000000,0.000000,0.000000,0.000000,0.000000,0.000000,650.000000,920.000000,105.000000,0.000000,0.000000,1675.000000
27.000000,2020-01-27,"jan","seg",614.000000,10.000000,5.000000,0.000000,0.000000,0.000000,0.000000,271.000000,12.448133,6.000000,7.000000,5.000000,6.000000,6.000000,0.000000,0.000000,0.000000,0.000000,0.000000,0.000000,0.000000,0.000000,0.000000,0.000000,0.000000,565.000000,710.000000,90.000000,0.000000,0.000000,1365.000000
28.000000,2020-01-28,"jan","ter",584.000000,10.000000,5.000000,0.000000,0.000000,0.000000,0.000000,269.000000,9.795918,6.000000,6.000000,7.000000,7.000000,5.000000,0.000000,0.000000,0.000000,0.000000,0.000000,0.000000,0.000000,0.000000,0.000000,0.000000,0.000000,510.000000,875.000000,75.000000,0.000000,0.000000,1460.000000
29.000000,2020-01-29,"jan","qua",437.000000,10.000000,5.000000,0.000000,0.000000,0.000000,0.000000,275.000000,7.421875,6.000000,6.000000,6.000000,5.000000,5.000000,0.000000,0.000000,0.000000,0.000000,0.000000,0.000000,0.000000,0.000000,0.000000,0.000000,0.000000,510.000000,665.000000,75.000000,0.000000,0.000000,1250.000000
30.000000,2020-01-30,"jan","qui",532.000000,10.000000,5.000000,0.000000,0.000000,0.000000,0.000000,308.000000,9.608541,7.000000,7.000000,6.000000,7.000000,6.000000,0.000000,0.000000,0.000000,0.000000,0.000000,0.000000,0.000000,0.000000,0.000000,0.000000,0.000000,595.000000,835.000000,90.000000,0.000000,0.000000,1520.000000
31.000000,2020-01-31,"jan","sex",565.000000,10.000000,5.000000,0.000000,0.000000,0.000000,0.000000,283.000000,11.417323,7.000000,8.000000,7.000000,7.000000,6.000000,0.000000,0.000000,0.000000,0.000000,0.000000,0.000000,0.000000,0.000000,0.000000,0.000000,0.000000,650.000000,875.000000,90.000000,0.000000,0.000000,1615.000000
32.000000,2020-02-01,"fev","sab",694.000000,15.000000,2.000000,1.000000,1.000000,0.000000,0.000000,235.000000,-0.843882,9.000000,9.000000,8.000000,9.000000,9.000000,0.000000,0.000000,0.000000,0.000000,0.000000,0.000000,0.000000,0.000000,0.000000,0.000000,0.000000,765.000000,1085.000000,135.000000,0.000000,0.000000,1985.000000
33.000000,2020-02-02,"fev","dom",726.000000,12.000000,2.000000,1.000000,1.000000,0.000000,0.000000,285.000000,0.000000,8.000000,7.000000,8.000000,9.000000,7.000000,0.000000,0.000000,0.000000,0.000000,0.000000,0.000000,0.000000,0.000000,0.000000,0.000000,0.000000,625.000000,1085.000000,105.000000,0.000000,0.000000,1815.000000
34.000000,2020-02-03,"fev","seg",782.000000,18.000000,2.000000,1.000000,0.000000,0.000000,0.000000,255.000000,4.081633,8.000000,9.000000,8.000000,9.000000,9.000000,0.000000,0.000000,0.000000,0.000000,0.000000,0.000000,0.000000,0.000000,0.000000,0.000000,0.000000,735.000000,1085.000000,135.000000,0.000000,0.000000,1955.000000
35.000000,2020-02-04,"fev","ter",792.000000,12.000000,2.000000,1.000000,0.000000,0.000000,0.000000,234.000000,-0.425532,6.000000,8.000000,7.000000,7.000000,6.000000,0.000000,0.000000,0.000000,0.000000,0.000000,0.000000,0.000000,0.000000,0.000000,0.000000,0.000000,620.000000,875.000000,90.000000,0.000000,0.000000,1585.000000
36.000000,2020-02-05,"fev","qua",690.000000,12.000000,2.000000,0.000000,0.000000,0.000000,0.000000,258.000000,0.000000,7.000000,7.000000,6.000000,7.000000,7.000000,0.000000,0.000000,0.000000,0.000000,0.000000,0.000000,0.000000,0.000000,0.000000,0.000000,0.000000,595.000000,835.000000,105.000000,0.000000,0.000000,1535.000000
37.000000,2020-02-06,"fev","qui",885.000000,16.000000,2.000000,1.000000,0.000000,0.000000,0.000000,239.000000,0.420168,7.000000,7.000000,9.000000,8.000000,9.000000,0.000000,0.000000,0.000000,0.000000,0.000000,0.000000,0.000000,0.000000,0.000000,0.000000,0.000000,595.000000,1040.000000,135.000000,0.000000,0.000000,1770.000000
38.000000,2020-02-07,"fev","sex",719.000000,20.000000,2.000000,1.000000,0.000000,0.000000,0.000000,261.000000,8.298755,10.000000,9.000000,9.000000,9.000000,9.000000,0.000000,0.000000,0.000000,0.000000,0.000000,0.000000,0.000000,0.000000,0.000000,0.000000,0.000000,795.000000,1125.000000,135.000000,0.000000,0.000000,2055.000000
39.000000,2020-02-08,"fev","sab",1026.000000,22.000000,2.000000,1.000000,1.000000,0.000000,0.000000,274.000000,7.031250,11.000000,10.000000,10.000000,10.000000,10.000000,0.000000,0.000000,0.000000,0.000000,0.000000,0.000000,0.000000,0.000000,0.000000,0.000000,0.000000,880.000000,1250.000000,150.000000,0.000000,0.000000,2280.000000
40.000000,2020-02-09,"fev","dom",999.000000,25.000000,8.000000,1.000000,1.000000,0.000000,0.000000,371.000000,32.028470,12.000000,13.000000,12.000000,13.000000,13.000000,0.000000,0.000000,0.000000,0.000000,0.000000,0.000000,0.000000,0.000000,0.000000,0.000000,0.000000,1075.000000,1585.000000,195.000000,0.000000,0.000000,2855.000000
41.000000,2020-02-10,"fev","seg",679.000000,15.000000,8.000000,1.000000,0.000000,0.000000,0.000000,317.000000,24.803150,9.000000,9.000000,9.000000,8.000000,9.000000,0.000000,0.000000,0.000000,0.000000,0.000000,0.000000,0.000000,0.000000,0.000000,0.000000,0.000000,765.000000,1040.000000,135.000000,0.000000,0.000000,1940.000000
42.000000,2020-02-11,"fev","ter",635.000000,13.000000,8.000000,1.000000,0.000000,0.000000,0.000000,296.000000,24.894515,8.000000,8.000000,8.000000,8.000000,9.000000,0.000000,0.000000,0.000000,0.000000,0.000000,0.000000,0.000000,0.000000,0.000000,0.000000,0.000000,680.000000,1000.000000,135.000000,0.000000,0.000000,1815.000000
43.000000,2020-02-12,"fev","qua",985.000000,17.000000,8.000000,1.000000,0.000000,0.000000,0.000000,302.000000,26.359833,8.000000,9.000000,8.000000,9.000000,10.000000,0.000000,0.000000,0.000000,0.000000,0.000000,0.000000,0.000000,0.000000,0.000000,0.000000,0.000000,735.000000,1085.000000,150.000000,0.000000,0.000000,1970.000000
44.000000,2020-02-13,"fev","qui",658.000000,11.000000,8.000000,1.000000,0.000000,0.000000,0.000000,288.000000,19.502075,7.000000,8.000000,7.000000,7.000000,8.000000,0.000000,0.000000,0.000000,0.000000,0.000000,0.000000,0.000000,0.000000,0.000000,0.000000,0.000000,650.000000,875.000000,120.000000,0.000000,0.000000,1645.000000
45.000000,2020-02-14,"fev","sex",960.000000,13.000000,8.000000,1.000000,0.000000,0.000000,0.000000,309.000000,26.122449,9.000000,10.000000,10.000000,9.000000,10.000000,0.000000,0.000000,0.000000,0.000000,0.000000,0.000000,0.000000,0.000000,0.000000,0.000000,0.000000,820.000000,1165.000000,150.000000,0.000000,0.000000,2135.000000
46.000000,2020-02-15,"fev","sab",1252.000000,17.000000,8.000000,1.000000,1.000000,0.000000,0.000000,330.000000,28.404669,11.000000,12.000000,10.000000,11.000000,12.000000,0.000000,0.000000,0.000000,0.000000,0.000000,0.000000,0.000000,0.000000,0.000000,0.000000,0.000000,990.000000,1335.000000,180.000000,0.000000,0.000000,2505.000000
47.000000,2020-02-16,"fev","dom",1052.000000,21.000000,8.000000,1.000000,1.000000,0.000000,0.000000,358.000000,23.875433,13.000000,12.000000,12.000000,11.000000,11.000000,0.000000,0.000000,0.000000,0.000000,0.000000,0.000000,0.000000,0.000000,0.000000,0.000000,0.000000,1050.000000,1415.000000,165.000000,0.000000,0.000000,2630.000000
48.000000,2020-02-17,"fev","seg",963.000000,20.000000,5.000000,0.000000,0.000000,0.000000,0.000000,268.000000,16.017316,11.000000,10.000000,9.000000,9.000000,9.000000,0.000000,0.000000,0.000000,0.000000,0.000000,0.000000,0.000000,0.000000,0.000000,0.000000,0.000000,880.000000,1125.000000,135.000000,0.000000,0.000000,2140.000000
49.000000,2020-02-18,"fev","ter",1194.000000,26.000000,5.000000,0.000000,0.000000,0.000000,0.000000,289.000000,23.504274,12.000000,13.000000,12.000000,11.000000,11.000000,0.000000,0.000000,0.000000,0.000000,0.000000,0.000000,0.000000,0.000000,0.000000,0.000000,0.000000,1075.000000,1415.000000,165.000000,0.000000,0.000000,2655.000000
50.000000,2020-02-19,"fev","qua",750.000000,14.000000,5.000000,0.000000,0.000000,0.000000,0.000000,270.000000,12.033195,10.000000,8.000000,8.000000,8.000000,9.000000,0.000000,0.000000,0.000000,0.000000,0.000000,0.000000,0.000000,0.000000,0.000000,0.000000,0.000000,740.000000,1000.000000,135.000000,0.000000,0.000000,1875.000000
51.000000,2020-02-20,"fev","qui",789.000000,11.000000,5.000000,0.000000,0.000000,0.000000,0.000000,260.000000,10.169492,8.000000,8.000000,9.000000,7.000000,8.000000,0.000000,0.000000,0.000000,0.000000,0.000000,0.000000,0.000000,0.000000,0.000000,0.000000,0.000000,680.000000,955.000000,120.000000,0.000000,0.000000,1755.000000
52.000000,2020-02-21,"fev","sex",590.000000,19.000000,10.000000,1.000000,0.000000,1.000000,0.000000,326.000000,35.269710,7.000000,7.000000,7.000000,6.000000,6.000000,0.000000,0.000000,0.000000,0.000000,0.000000,0.000000,0.000000,0.000000,0.000000,0.000000,0.000000,595.000000,790.000000,90.000000,0.000000,0.000000,1475.000000
53.000000,2020-02-22,"fev","sab",765.000000,13.000000,10.000000,1.000000,1.000000,1.000000,0.000000,228.000000,57.241379,8.000000,7.000000,8.000000,6.000000,5.000000,0.000000,0.000000,0.000000,0.000000,0.000000,0.000000,0.000000,0.000000,0.000000,0.000000,0.000000,625.000000,830.000000,75.000000,0.000000,0.000000,1530.000000
54.000000,2020-02-23,"fev","dom",432.000000,11.000000,10.000000,1.000000,1.000000,1.000000,0.000000,255.000000,45.714286,5.000000,6.000000,6.000000,5.000000,6.000000,0.000000,0.000000,0.000000,0.000000,0.000000,0.000000,0.000000,0.000000,0.000000,0.000000,0.000000,480.000000,665.000000,90.000000,0.000000,0.000000,1235.000000
55.000000,2020-02-24,"fev","seg",540.000000,15.000000,2.000000,0.000000,0.000000,1.000000,1.000000,9.000000,-10.000000,3.000000,4.000000,5.000000,6.000000,4.000000,0.000000,0.000000,0.000000,0.000000,0.000000,0.000000,0.000000,0.000000,0.000000,0.000000,0.000000,310.000000,710.000000,60.000000,0.000000,0.000000,1080.000000
56.000000,2020-02-25,"fev","ter",562.000000,20.000000,2.000000,0.000000,0.000000,1.000000,1.000000,27.000000,80.000000,5.000000,6.000000,4.000000,5.000000,4.000000,0.000000,0.000000,0.000000,0.000000,0.000000,0.000000,0.000000,0.000000,0.000000,0.000000,0.000000,480.000000,585.000000,60.000000,0.000000,0.000000,1125.000000
57.000000,2020-02-26,"fev","qua",915.000000,18.000000,2.000000,0.000000,0.000000,0.000000,1.000000,135.000000,8.000000,8.000000,9.000000,10.000000,9.000000,9.000000,0.000000,0.000000,0.000000,0.000000,0.000000,0.000000,0.000000,0.000000,0.000000,0.000000,0.000000,735.000000,1165.000000,135.000000,0.000000,0.000000,2035.000000
58.000000,2020-02-27,"fev","qui",972.000000,25.000000,2.000000,0.000000,0.000000,0.000000,1.000000,265.000000,10.416667,10.000000,12.000000,11.000000,10.000000,12.000000,0.000000,0.000000,0.000000,0.000000,0.000000,0.000000,0.000000,0.000000,0.000000,0.000000,0.000000,960.000000,1290.000000,180.000000,0.000000,0.000000,2430.000000
59.000000,2020-02-28,"fev","sex",1095.000000,22.000000,2.000000,0.000000,0.000000,0.000000,1.000000,257.000000,7.983193,9.000000,10.000000,11.000000,9.000000,11.000000,0.000000,0.000000,0.000000,0.000000,0.000000,0.000000,0.000000,0.000000,0.000000,0.000000,0.000000,820.000000,1205.000000,165.000000,0.000000,0.000000,2190.000000
60.000000,2020-02-29,"fev","sab",1204.000000,24.000000,5.000000,1.000000,1.000000,0.000000,1.000000,431.000000,11.948052,13.000000,13.000000,13.000000,14.000000,13.000000,0.000000,0.000000,0.000000,0.000000,0.000000,0.000000,0.000000,0.000000,0.000000,0.000000,0.000000,1105.000000,1710.000000,195.000000,0.000000,0.000000,3010.000000
61.000000,2020-03-01,"mar","dom",485.000000,20.000000,2.000000,1.000000,1.000000,0.000000,1.000000,247.000000,2.489627,5.000000,5.000000,4.000000,4.000000,3.000000,0.000000,0.000000,0.000000,0.000000,0.000000,0.000000,0.000000,0.000000,0.000000,0.000000,0.000000,425.000000,500.000000,45.000000,0.000000,0.000000,970.000000
62.000000,2020-03-02,"mar","seg",416.000000,22.000000,2.000000,1.000000,0.000000,0.000000,1.000000,273.000000,6.640625,4.000000,4.000000,5.000000,4.000000,3.000000,0.000000,0.000000,0.000000,0.000000,0.000000,0.000000,0.000000,0.000000,0.000000,0.000000,0.000000,340.000000,540.000000,45.000000,0.000000,0.000000,925.000000
63.000000,2020-03-03,"mar","ter",660.000000,25.000000,8.000000,1.000000,0.000000,0.000000,1.000000,365.000000,29.893238,6.000000,6.000000,6.000000,6.000000,4.000000,0.000000,0.000000,0.000000,0.000000,0.000000,0.000000,0.000000,0.000000,0.000000,0.000000,0.000000,510.000000,750.000000,60.000000,0.000000,0.000000,1320.000000
64.000000,2020-03-04,"mar","qua",442.000000,15.000000,8.000000,1.000000,0.000000,0.000000,1.000000,318.000000,25.196850,4.000000,4.000000,4.000000,4.000000,3.000000,0.000000,0.000000,0.000000,0.000000,0.000000,0.000000,0.000000,0.000000,0.000000,0.000000,0.000000,340.000000,500.000000,45.000000,0.000000,0.000000,885.000000
65.000000,2020-03-05,"mar","qui",342.000000,13.000000,8.000000,1.000000,0.000000,0.000000,1.000000,298.000000,25.738397,3.000000,4.000000,4.000000,4.000000,3.000000,0.000000,0.000000,0.000000,0.000000,0.000000,0.000000,0.000000,0.000000,0.000000,0.000000,0.000000,310.000000,500.000000,45.000000,0.000000,0.000000,855.000000
66.000000,2020-03-06,"mar","sex",400.000000,17.000000,8.000000,1.000000,0.000000,0.000000,1.000000,308.000000,28.870293,5.000000,4.000000,4.000000,5.000000,3.000000,0.000000,0.000000,0.000000,0.000000,0.000000,0.000000,0.000000,0.000000,0.000000,0.000000,0.000000,370.000000,585.000000,45.000000,0.000000,0.000000,1000.000000
67.000000,2020-03-07,"mar","sab",329.000000,11.000000,8.000000,1.000000,1.000000,0.000000,1.000000,295.000000,22.406639,4.000000,5.000000,4.000000,4.000000,3.000000,2.000000,2.000000,0.000000,1.000000,1.000000,0.000000,0.000000,2.000000,0.000000,0.000000,0.000000,395.000000,500.000000,45.000000,62.000000,90.000000,1092.000000
68.000000,2020-03-08,"mar","dom",532.000000,13.000000,8.000000,1.000000,1.000000,0.000000,1.000000,297.000000,21.224490,4.000000,5.000000,5.000000,5.000000,3.000000,7.000000,8.000000,6.000000,8.000000,7.000000,2.000000,2.000000,9.000000,1.000000,0.000000,0.000000,395.000000,625.000000,45.000000,352.000000,590.000000,2007.000000
69.000000,2020-03-09,"mar","seg",334.000000,17.000000,8.000000,1.000000,0.000000,0.000000,1.000000,316.000000,22.957198,5.000000,4.000000,5.000000,4.000000,3.000000,7.000000,8.000000,9.000000,8.000000,8.000000,3.000000,2.000000,9.000000,1.000000,0.000000,0.000000,370.000000,540.000000,45.000000,397.000000,625.000000,1977.000000
70.000000,2020-03-10,"mar","ter",547.000000,21.000000,8.000000,1.000000,0.000000,0.000000,1.000000,363.000000,25.605536,5.000000,5.000000,5.000000,5.000000,3.000000,8.000000,9.000000,10.000000,10.000000,9.000000,3.000000,3.000000,11.000000,2.000000,1.000000,1.000000,425.000000,625.000000,45.000000,447.000000,880.000000,2422.000000
71.000000,2020-03-11,"mar","qua",470.000000,20.000000,5.000000,0.000000,0.000000,0.000000,1.000000,278.000000,20.346320,4.000000,5.000000,4.000000,4.000000,3.000000,9.000000,9.000000,8.000000,9.000000,9.000000,3.000000,2.000000,11.000000,1.000000,1.000000,0.000000,395.000000,500.000000,45.000000,431.000000,750.000000,2121.000000
72.000000,2020-03-12,"mar","qui",537.000000,26.000000,5.000000,0.000000,0.000000,0.000000,1.000000,296.000000,26.495726,5.000000,5.000000,5.000000,6.000000,4.000000,8.000000,7.000000,8.000000,9.000000,9.000000,3.000000,3.000000,10.000000,1.000000,1.000000,0.000000,425.000000,710.000000,60.000000,390.000000,735.000000,2320.000000
73.000000,2020-03-13,"mar","sex",398.000000,14.000000,5.000000,0.000000,0.000000,0.000000,1.000000,271.000000,12.448133,4.000000,4.000000,4.000000,4.000000,3.000000,11.000000,12.000000,11.000000,12.000000,12.000000,2.000000,3.000000,11.000000,1.000000,0.000000,0.000000,340.000000,500.000000,45.000000,573.000000,710.000000,2168.000000
74.000000,2020-03-14,"mar","sab",492.000000,20.000000,2.000000,1.000000,1.000000,0.000000,1.000000,257.000000,6.639004,5.000000,5.000000,5.000000,5.000000,3.000000,12.000000,12.000000,12.000000,11.000000,11.000000,2.000000,3.000000,9.000000,1.000000,1.000000,0.000000,425.000000,625.000000,45.000000,572.000000,655.000000,2322.000000
75.000000,2020-03-15,"mar","dom",547.000000,22.000000,2.000000,1.000000,1.000000,0.000000,1.000000,271.000000,5.859375,5.000000,5.000000,5.000000,5.000000,3.000000,11.000000,12.000000,10.000000,10.000000,10.000000,2.000000,3.000000,10.000000,1.000000,0.000000,0.000000,425.000000,625.000000,45.000000,531.000000,665.000000,2291.000000
76.000000,2020-03-16,"mar","seg",576.000000,25.000000,8.000000,1.000000,0.000000,0.000000,1.000000,369.000000,31.316726,6.000000,6.000000,5.000000,6.000000,4.000000,11.000000,12.000000,11.000000,13.000000,12.000000,3.000000,2.000000,10.000000,1.000000,0.000000,1.000000,510.000000,710.000000,60.000000,574.000000,715.000000,2569.000000
77.000000,2020-03-17,"mar","ter",470.000000,15.000000,8.000000,1.000000,0.000000,0.000000,1.000000,315.000000,24.015748,4.000000,5.000000,4.000000,4.000000,3.000000,12.000000,14.000000,14.000000,13.000000,13.000000,3.000000,3.000000,10.000000,1.000000,1.000000,1.000000,395.000000,500.000000,45.000000,660.000000,780.000000,2380.000000
78.000000,2020-03-18,"mar","qua",280.000000,13.000000,8.000000,1.000000,0.000000,0.000000,1.000000,303.000000,27.848101,4.000000,4.000000,4.000000,3.000000,3.000000,11.000000,11.000000,11.000000,13.000000,12.000000,3.000000,3.000000,11.000000,1.000000,0.000000,0.000000,340.000000,415.000000,45.000000,556.000000,745.000000,2101.000000
79.000000,2020-03-19,"mar","qui",309.000000,17.000000,8.000000,1.000000,0.000000,0.000000,1.000000,305.000000,27.615063,4.000000,4.000000,4.000000,4.000000,3.000000,10.000000,9.000000,9.000000,10.000000,9.000000,1.000000,2.000000,6.000000,1.000000,0.000000,0.000000,340.000000,500.000000,45.000000,447.000000,420.000000,1752.000000
80.000000,2020-03-20,"mar","sex",295.000000,11.000000,8.000000,1.000000,0.000000,0.000000,1.000000,290.000000,20.331950,4.000000,4.000000,3.000000,4.000000,3.000000,9.000000,9.000000,9.000000,10.000000,10.000000,2.000000,1.000000,8.000000,1.000000,0.000000,0.000000,340.000000,460.000000,45.000000,457.000000,515.000000,1817.000000
81.000000,2020-03-21,"mar","sab",376.000000,13.000000,8.000000,1.000000,1.000000,0.000000,1.000000,301.000000,22.857143,4.000000,5.000000,4.000000,4.000000,3.000000,11.000000,11.000000,11.000000,11.000000,11.000000,2.000000,2.000000,7.000000,2.000000,1.000000,1.000000,395.000000,500.000000,45.000000,539.000000,635.000000,2114.000000
82.000000,2020-03-22,"mar","dom",422.000000,17.000000,8.000000,1.000000,1.000000,0.000000,1.000000,327.000000,27.237354,5.000000,5.000000,4.000000,5.000000,3.000000,11.000000,10.000000,11.000000,12.000000,11.000000,3.000000,2.000000,8.000000,2.000000,1.000000,1.000000,425.000000,585.000000,45.000000,522.000000,715.000000,2292.000000
83.000000,2020-03-23,"mar","seg",364.000000,21.000000,8.000000,1.000000,0.000000,0.000000,1.000000,369.000000,27.681661,5.000000,4.000000,5.000000,5.000000,3.000000,11.000000,10.000000,10.000000,11.000000,11.000000,2.000000,2.000000,8.000000,2.000000,1.000000,1.000000,370.000000,625.000000,45.000000,511.000000,680.000000,2231.000000
84.000000,2020-03-24,"mar","ter",323.000000,20.000000,5.000000,0.000000,0.000000,0.000000,1.000000,276.000000,19.480519,4.000000,4.000000,5.000000,4.000000,3.000000,13.000000,11.000000,10.000000,13.000000,12.000000,3.000000,3.000000,9.000000,2.000000,1.000000,1.000000,340.000000,540.000000,45.000000,556.000000,790.000000,2271.000000
85.000000,2020-03-25,"mar","qua",454.000000,26.000000,5.000000,0.000000,0.000000,0.000000,1.000000,283.000000,20.940171,5.000000,5.000000,6.000000,5.000000,3.000000,12.000000,12.000000,11.000000,11.000000,10.000000,2.000000,2.000000,8.000000,2.000000,1.000000,1.000000,425.000000,665.000000,45.000000,547.000000,680.000000,2362.000000
86.000000,2020-03-26,"mar","qui",378.000000,14.000000,5.000000,0.000000,0.000000,0.000000,1.000000,278.000000,15.352697,3.000000,4.000000,4.000000,4.000000,2.000000,10.000000,11.000000,10.000000,10.000000,11.000000,2.000000,2.000000,8.000000,2.000000,1.000000,1.000000,310.000000,500.000000,30.000000,523.000000,680.000000,2043.000000
87.000000,2020-03-27,"mar","sex",329.000000,20.000000,2.000000,1.000000,0.000000,0.000000,1.000000,253.000000,4.979253,4.000000,5.000000,4.000000,4.000000,3.000000,11.000000,10.000000,10.000000,12.000000,10.000000,2.000000,2.000000,8.000000,2.000000,1.000000,1.000000,395.000000,500.000000,45.000000,497.000000,680.000000,2117.000000
88.000000,2020-03-28,"mar","sab",456.000000,22.000000,2.000000,1.000000,1.000000,0.000000,1.000000,270.000000,5.468750,5.000000,5.000000,4.000000,6.000000,3.000000,11.000000,11.000000,11.000000,11.000000,11.000000,2.000000,2.000000,6.000000,1.000000,1.000000,1.000000,425.000000,670.000000,45.000000,539.000000,535.000000,2214.000000
89.000000,2020-03-29,"mar","dom",421.000000,25.000000,8.000000,1.000000,1.000000,0.000000,1.000000,357.000000,27.046263,5.000000,6.000000,6.000000,5.000000,4.000000,10.000000,10.000000,11.000000,12.000000,10.000000,2.000000,3.000000,6.000000,1.000000,1.000000,1.000000,480.000000,665.000000,60.000000,502.000000,565.000000,2272.000000
90.000000,2020-03-30,"mar","seg",388.000000,15.000000,8.000000,1.000000,0.000000,0.000000,1.000000,312.000000,22.834646,5.000000,5.000000,5.000000,5.000000,4.000000,11.000000,11.000000,10.000000,12.000000,10.000000,2.000000,2.000000,6.000000,1.000000,1.000000,1.000000,425.000000,625.000000,60.000000,515.000000,535.000000,2160.000000
91.000000,2020-03-31,"mar","ter",444.000000,13.000000,8.000000,1.000000,0.000000,0.000000,1.000000,300.000000,26.582278,5.000000,5.000000,5.000000,5.000000,4.000000,13.000000,13.000000,12.000000,12.000000,13.000000,3.000000,2.000000,8.000000,2.000000,1.000000,1.000000,425.000000,625.000000,60.000000,626.000000,715.000000,2451.000000
92.000000,2020-04-01,"abr","qua",570.000000,17.000000,8.000000,1.000000,0.000000,0.000000,1.000000,306.000000,28.033473,6.000000,5.000000,5.000000,5.000000,4.000000,12.000000,13.000000,12.000000,12.000000,13.000000,2.000000,2.000000,8.000000,2.000000,1.000000,1.000000,455.000000,625.000000,60.000000,621.000000,680.000000,2441.000000
93.000000,2020-04-02,"abr","qui",374.000000,11.000000,8.000000,1.000000,0.000000,0.000000,1.000000,290.000000,20.331950,5.000000,5.000000,4.000000,5.000000,4.000000,12.000000,12.000000,11.000000,13.000000,11.000000,3.000000,2.000000,6.000000,1.000000,1.000000,1.000000,425.000000,585.000000,60.000000,564.000000,570.000000,2204.000000
94.000000,2020-04-03,"abr","sex",499.000000,13.000000,8.000000,1.000000,0.000000,0.000000,1.000000,309.000000,26.122449,5.000000,5.000000,5.000000,5.000000,4.000000,11.000000,11.000000,12.000000,12.000000,11.000000,2.000000,2.000000,8.000000,1.000000,1.000000,1.000000,425.000000,625.000000,60.000000,550.000000,625.000000,2285.000000
95.000000,2020-04-04,"abr","sab",506.000000,17.000000,8.000000,1.000000,1.000000,0.000000,1.000000,328.000000,27.626459,6.000000,5.000000,6.000000,6.000000,4.000000,12.000000,13.000000,13.000000,12.000000,11.000000,2.000000,2.000000,8.000000,1.000000,1.000000,1.000000,455.000000,750.000000,60.000000,601.000000,625.000000,2491.000000
96.000000,2020-04-05,"abr","dom",667.000000,21.000000,8.000000,1.000000,1.000000,0.000000,1.000000,363.000000,25.605536,6.000000,6.000000,6.000000,6.000000,5.000000,14.000000,13.000000,14.000000,12.000000,14.000000,3.000000,3.000000,8.000000,3.000000,2.000000,2.000000,510.000000,750.000000,75.000000,666.000000,880.000000,2881.000000
97.000000,2020-04-06,"abr","seg",407.000000,20.000000,5.000000,0.000000,0.000000,0.000000,1.000000,273.000000,18.181818,5.000000,6.000000,5.000000,5.000000,4.000000,13.000000,12.000000,12.000000,13.000000,12.000000,3.000000,3.000000,7.000000,3.000000,2.000000,2.000000,480.000000,625.000000,60.000000,594.000000,835.000000,2594.000000
98.000000,2020-04-07,"abr","ter",550.000000,26.000000,5.000000,0.000000,0.000000,0.000000,1.000000,286.000000,22.222222,6.000000,6.000000,7.000000,6.000000,5.000000,16.000000,15.000000,14.000000,14.000000,16.000000,4.000000,4.000000,10.000000,3.000000,2.000000,2.000000,510.000000,790.000000,75.000000,744.000000,1035.000000,3154.000000
99.000000,2020-04-08,"abr","qua",339.000000,14.000000,5.000000,0.000000,0.000000,0.000000,1.000000,274.000000,13.692946,5.000000,4.000000,5.000000,4.000000,4.000000,14.000000,15.000000,15.000000,13.000000,14.000000,4.000000,4.000000,8.000000,3.000000,2.000000,2.000000,370.000000,540.000000,60.000000,713.000000,945.000000,2628.000000
100.000000,2020-04-09,"abr","qui",442.000000,21.000000,8.000000,1.000000,0.000000,0.000000,1.000000,364.000000,25.951557,6.000000,5.000000,6.000000,6.000000,4.000000,15.000000,14.000000,14.000000,14.000000,14.000000,4.000000,4.000000,10.000000,3.000000,2.000000,2.000000,455.000000,750.000000,60.000000,691.000000,1035.000000,2991.000000
101.000000,2020-04-10,"abr","sex",230.000000,20.000000,2.000000,0.000000,0.000000,1.000000,1.000000,22.000000,46.666667,3.000000,3.000000,3.000000,2.000000,2.000000,15.000000,15.000000,15.000000,14.000000,14.000000,3.000000,4.000000,9.000000,2.000000,2.000000,2.000000,255.000000,290.000000,30.000000,719.000000,900.000000,2194.000000
102.000000,2020-04-11,"abr","sab",413.000000,13.000000,8.000000,1.000000,1.000000,0.000000,1.000000,307.000000,25.306122,6.000000,5.000000,6.000000,5.000000,4.000000,13.000000,13.000000,14.000000,14.000000,15.000000,3.000000,3.000000,9.000000,3.000000,2.000000,2.000000,455.000000,665.000000,60.000000,678.000000,925.000000,2783.000000
103.000000,2020-04-12,"abr","dom",660.000000,17.000000,8.000000,1.000000,1.000000,0.000000,1.000000,321.000000,24.902724,6.000000,6.000000,6.000000,6.000000,4.000000,16.000000,16.000000,16.000000,14.000000,14.000000,4.000000,3.000000,10.000000,3.000000,2.000000,2.000000,510.000000,750.000000,60.000000,752.000000,1005.000000,3077.000000
104.000000,2020-04-13,"abr","seg",534.000000,21.000000,8.000000,1.000000,0.000000,0.000000,1.000000,358.000000,23.875433,6.000000,6.000000,6.000000,6.000000,5.000000,17.000000,16.000000,15.000000,16.000000,17.000000,4.000000,4.000000,10.000000,3.000000,2.000000,2.000000,510.000000,750.000000,75.000000,794.000000,1035.000000,3164.000000
105.000000,2020-04-14,"abr","ter",555.000000,20.000000,5.000000,0.000000,0.000000,0.000000,1.000000,278.000000,20.346320,5.000000,5.000000,5.000000,5.000000,4.000000,17.000000,17.000000,17.000000,17.000000,18.000000,5.000000,5.000000,12.000000,3.000000,2.000000,2.000000,425.000000,625.000000,60.000000,848.000000,1190.000000,3148.000000
106.000000,2020-04-15,"abr","qua",534.000000,26.000000,5.000000,0.000000,0.000000,0.000000,1.000000,286.000000,22.222222,6.000000,6.000000,6.000000,6.000000,5.000000,20.000000,20.000000,20.000000,20.000000,20.000000,5.000000,5.000000,13.000000,4.000000,3.000000,3.000000,510.000000,750.000000,75.000000,980.000000,1370.000000,3685.000000
107.000000,2020-04-16,"abr","qui",383.000000,14.000000,5.000000,0.000000,0.000000,0.000000,1.000000,272.000000,12.863071,5.000000,5.000000,5.000000,5.000000,3.000000,17.000000,17.000000,17.000000,17.000000,16.000000,4.000000,4.000000,12.000000,3.000000,2.000000,2.000000,425.000000,625.000000,45.000000,818.000000,1125.000000,3038.000000
108.000000,2020-04-17,"abr","sex",667.000000,21.000000,8.000000,1.000000,0.000000,0.000000,1.000000,364.000000,25.951557,6.000000,6.000000,6.000000,6.000000,5.000000,16.000000,17.000000,16.000000,16.000000,17.000000,4.000000,4.000000,11.000000,3.000000,2.000000,2.000000,510.000000,750.000000,75.000000,817.000000,1080.000000,3232.000000
109.000000,2020-04-18,"abr","sab",576.000000,20.000000,5.000000,0.000000,1.000000,0.000000,1.000000,267.000000,15.584416,6.000000,6.000000,5.000000,6.000000,4.000000,16.000000,18.000000,18.000000,17.000000,17.000000,4.000000,4.000000,11.000000,3.000000,2.000000,2.000000,510.000000,710.000000,60.000000,856.000000,1080.000000,3216.000000
110.000000,2020-04-19,"abr","dom",625.000000,26.000000,5.000000,0.000000,1.000000,0.000000,1.000000,281.000000,20.085470,6.000000,7.000000,6.000000,6.000000,5.000000,16.000000,16.000000,17.000000,17.000000,15.000000,3.000000,4.000000,9.000000,3.000000,2.000000,2.000000,565.000000,750.000000,75.000000,780.000000,955.000000,3125.000000
111.000000,2020-04-20,"abr","seg",378.000000,14.000000,5.000000,0.000000,0.000000,0.000000,1.000000,265.000000,9.958506,4.000000,5.000000,5.000000,5.000000,4.000000,18.000000,17.000000,17.000000,18.000000,18.000000,5.000000,5.000000,10.000000,4.000000,3.000000,3.000000,395.000000,625.000000,60.000000,854.000000,1235.000000,3169.000000
112.000000,2020-04-21,"abr","ter",303.000000,20.000000,2.000000,0.000000,0.000000,1.000000,1.000000,24.000000,60.000000,3.000000,4.000000,2.000000,3.000000,2.000000,20.000000,19.000000,19.000000,18.000000,18.000000,5.000000,5.000000,12.000000,4.000000,3.000000,3.000000,310.000000,335.000000,30.000000,920.000000,1325.000000,2920.000000
113.000000,2020-04-22,"abr","qua",555.000000,13.000000,8.000000,1.000000,0.000000,0.000000,1.000000,297.000000,21.224490,5.000000,5.000000,5.000000,5.000000,4.000000,19.000000,21.000000,21.000000,20.000000,19.000000,6.000000,6.000000,14.000000,4.000000,4.000000,4.000000,425.000000,625.000000,60.000000,988.000000,1560.000000,3658.000000
114.000000,2020-04-23,"abr","qui",597.000000,17.000000,8.000000,1.000000,0.000000,0.000000,1.000000,323.000000,25.680934,6.000000,6.000000,5.000000,5.000000,4.000000,19.000000,17.000000,18.000000,19.000000,18.000000,5.000000,5.000000,12.000000,4.000000,3.000000,3.000000,510.000000,625.000000,60.000000,870.000000,1325.000000,3390.000000
115.000000,2020-04-24,"abr","sex",528.000000,21.000000,8.000000,1.000000,0.000000,0.000000,1.000000,369.000000,27.681661,6.000000,6.000000,6.000000,6.000000,4.000000,19.000000,19.000000,19.000000,19.000000,21.000000,6.000000,5.000000,13.000000,4.000000,4.000000,3.000000,510.000000,750.000000,60.000000,961.000000,1440.000000,3721.000000
116.000000,2020-04-25,"abr","sab",600.000000,20.000000,5.000000,0.000000,1.000000,0.000000,1.000000,266.000000,15.151515,6.000000,6.000000,6.000000,6.000000,5.000000,18.000000,19.000000,17.000000,18.000000,17.000000,5.000000,4.000000,10.000000,4.000000,3.000000,3.000000,510.000000,750.000000,75.000000,875.000000,1205.000000,3415.000000
117.000000,2020-04-26,"abr","dom",467.000000,26.000000,5.000000,0.000000,1.000000,0.000000,1.000000,284.000000,21.367521,6.000000,6.000000,6.000000,6.000000,5.000000,18.000000,18.000000,18.000000,17.000000,16.000000,4.000000,4.000000,10.000000,4.000000,3.000000,3.000000,510.000000,750.000000,75.000000,851.000000,1170.000000,3356.000000
118.000000,2020-04-27,"abr","seg",410.000000,14.000000,5.000000,0.000000,0.000000,0.000000,1.000000,274.000000,13.692946,5.000000,5.000000,5.000000,4.000000,4.000000,17.000000,16.000000,15.000000,17.000000,15.000000,4.000000,4.000000,6.000000,4.000000,3.000000,3.000000,425.000000,540.000000,60.000000,765.000000,990.000000,2780.000000
119.000000,2020-04-28,"abr","ter",600.000000,21.000000,8.000000,1.000000,0.000000,0.000000,1.000000,365.000000,26.297578,6.000000,6.000000,6.000000,6.000000,5.000000,17.000000,15.000000,15.000000,17.000000,16.000000,3.000000,4.000000,7.000000,3.000000,3.000000,3.000000,510.000000,750.000000,75.000000,762.000000,945.000000,3042.000000
120.000000,2020-04-29,"abr","qua",617.000000,20.000000,5.000000,0.000000,0.000000,0.000000,1.000000,273.000000,18.181818,5.000000,5.000000,6.000000,6.000000,4.000000,15.000000,15.000000,15.000000,15.000000,15.000000,4.000000,4.000000,5.000000,3.000000,3.000000,3.000000,425.000000,750.000000,60.000000,735.000000,890.000000,2860.000000
121.000000,2020-04-30,"abr","qui",600.000000,26.000000,5.000000,0.000000,0.000000,0.000000,1.000000,284.000000,21.367521,6.000000,6.000000,6.000000,6.000000,5.000000,15.000000,14.000000,14.000000,14.000000,14.000000,3.000000,3.000000,4.000000,3.000000,3.000000,3.000000,510.000000,750.000000,75.000000,691.000000,780.000000,2806.000000
122.000000,2020-05-01,"mai","sex",258.000000,14.000000,5.000000,0.000000,0.000000,1.000000,1.000000,265.000000,9.958506,2.000000,2.000000,3.000000,3.000000,2.000000,16.000000,15.000000,16.000000,15.000000,16.000000,3.000000,3.000000,5.000000,3.000000,3.000000,3.000000,170.000000,375.000000,30.000000,765.000000,825.000000,2165.000000
123.000000,2020-05-02,"mai","sab",418.000000,13.000000,8.000000,1.000000,1.000000,0.000000,1.000000,302.000000,23.265306,6.000000,6.000000,5.000000,5.000000,4.000000,20.000000,20.000000,20.000000,20.000000,19.000000,5.000000,4.000000,10.000000,4.000000,3.000000,3.000000,510.000000,625.000000,60.000000,965.000000,1205.000000,3365.000000
124.000000,2020-05-03,"mai","dom",667.000000,17.000000,8.000000,1.000000,1.000000,0.000000,1.000000,322.000000,25.291829,6.000000,6.000000,6.000000,6.000000,5.000000,21.000000,21.000000,21.000000,21.000000,21.000000,5.000000,5.000000,13.000000,4.000000,3.000000,3.000000,510.000000,750.000000,75.000000,1029.000000,1370.000000,3734.000000
125.000000,2020-05-04,"mai","seg",478.000000,21.000000,8.000000,1.000000,0.000000,0.000000,1.000000,361.000000,24.913495,6.000000,6.000000,5.000000,5.000000,4.000000,20.000000,21.000000,19.000000,20.000000,20.000000,5.000000,5.000000,13.000000,4.000000,3.000000,3.000000,510.000000,625.000000,60.000000,988.000000,1370.000000,3553.000000
126.000000,2020-05-05,"mai","ter",597.000000,20.000000,5.000000,0.000000,0.000000,0.000000,1.000000,266.000000,15.151515,6.000000,6.000000,5.000000,5.000000,4.000000,24.000000,23.000000,23.000000,23.000000,23.000000,7.000000,7.000000,15.000000,6.000000,5.000000,5.000000,510.000000,625.000000,60.000000,1132.000000,1860.000000,4187.000000
127.000000,2020-05-06,"mai","qua",682.000000,26.000000,5.000000,0.000000,0.000000,0.000000,1.000000,286.000000,22.222222,7.000000,6.000000,6.000000,6.000000,5.000000,21.000000,23.000000,23.000000,22.000000,21.000000,6.000000,6.000000,13.000000,5.000000,4.000000,4.000000,540.000000,750.000000,75.000000,1086.000000,1570.000000,4021.000000
128.000000,2020-05-07,"mai","qui",329.000000,14.000000,5.000000,0.000000,0.000000,0.000000,1.000000,268.000000,11.203320,4.000000,5.000000,4.000000,4.000000,3.000000,21.000000,21.000000,21.000000,22.000000,22.000000,6.000000,6.000000,13.000000,5.000000,4.000000,4.000000,395.000000,500.000000,45.000000,1045.000000,1570.000000,3555.000000
129.000000,2020-05-08,"mai","sex",444.000000,13.000000,8.000000,1.000000,0.000000,0.000000,1.000000,309.000000,26.122449,5.000000,5.000000,5.000000,5.000000,4.000000,24.000000,23.000000,23.000000,24.000000,23.000000,6.000000,7.000000,14.000000,5.000000,5.000000,5.000000,425.000000,625.000000,60.000000,1133.000000,1725.000000,3968.000000
130.000000,2020-05-09,"mai","sab",512.000000,17.000000,8.000000,1.000000,1.000000,0.000000,1.000000,317.000000,23.346304,6.000000,5.000000,6.000000,6.000000,5.000000,20.000000,20.000000,21.000000,20.000000,22.000000,6.000000,6.000000,13.000000,5.000000,4.000000,4.000000,455.000000,750.000000,75.000000,1020.000000,1570.000000,3870.000000
131.000000,2020-05-10,"mai","dom",687.000000,21.000000,8.000000,1.000000,1.000000,0.000000,1.000000,368.000000,27.335640,6.000000,6.000000,7.000000,6.000000,5.000000,22.000000,22.000000,21.000000,22.000000,22.000000,6.000000,6.000000,12.000000,5.000000,4.000000,4.000000,510.000000,790.000000,75.000000,1068.000000,1525.000000,3968.000000
132.000000,2020-05-11,"mai","seg",555.000000,20.000000,5.000000,0.000000,0.000000,0.000000,1.000000,278.000000,20.346320,5.000000,5.000000,5.000000,5.000000,4.000000,21.000000,21.000000,22.000000,21.000000,21.000000,6.000000,6.000000,13.000000,5.000000,4.000000,4.000000,425.000000,625.000000,60.000000,1039.000000,1570.000000,3719.000000
133.000000,2020-05-12,"mai","ter",534.000000,26.000000,5.000000,0.000000,0.000000,0.000000,1.000000,290.000000,23.931624,6.000000,6.000000,6.000000,6.000000,5.000000,22.000000,22.000000,21.000000,22.000000,21.000000,6.000000,6.000000,12.000000,5.000000,4.000000,4.000000,510.000000,750.000000,75.000000,1053.000000,1525.000000,3913.000000
134.000000,2020-05-13,"mai","qua",470.000000,14.000000,5.000000,0.000000,0.000000,0.000000,1.000000,278.000000,15.352697,4.000000,4.000000,5.000000,4.000000,4.000000,22.000000,21.000000,23.000000,22.000000,22.000000,6.000000,6.000000,13.000000,5.000000,4.000000,4.000000,340.000000,540.000000,60.000000,1070.000000,1570.000000,3580.000000
135.000000,2020-05-14,"mai","qui",521.000000,21.000000,8.000000,1.000000,0.000000,0.000000,1.000000,368.000000,27.335640,7.000000,6.000000,7.000000,7.000000,5.000000,21.000000,21.000000,22.000000,22.000000,22.000000,6.000000,6.000000,14.000000,5.000000,4.000000,4.000000,540.000000,875.000000,75.000000,1055.000000,1615.000000,4160.000000
136.000000,2020-05-15,"mai","sex",730.000000,20.000000,5.000000,0.000000,0.000000,0.000000,1.000000,277.000000,19.913420,7.000000,7.000000,7.000000,6.000000,5.000000,24.000000,23.000000,25.000000,23.000000,25.000000,6.000000,6.000000,14.000000,5.000000,4.000000,5.000000,595.000000,790.000000,75.000000,1182.000000,1660.000000,4302.000000
137.000000,2020-05-16,"mai","sab",600.000000,26.000000,5.000000,0.000000,1.000000,0.000000,1.000000,292.000000,24.786325,8.000000,7.000000,8.000000,8.000000,6.000000,23.000000,23.000000,23.000000,22.000000,22.000000,6.000000,6.000000,13.000000,5.000000,4.000000,4.000000,625.000000,1000.000000,90.000000,1111.000000,1570.000000,4396.000000
138.000000,2020-05-17,"mai","dom",783.000000,26.000000,5.000000,0.000000,1.000000,0.000000,1.000000,283.000000,20.940171,7.000000,8.000000,8.000000,8.000000,6.000000,25.000000,25.000000,25.000000,24.000000,25.000000,6.000000,7.000000,14.000000,5.000000,5.000000,5.000000,650.000000,1000.000000,90.000000,1224.000000,1725.000000,4689.000000
139.000000,2020-05-18,"mai","seg",478.000000,14.000000,5.000000,0.000000,0.000000,0.000000,1.000000,268.000000,11.203320,6.000000,5.000000,6.000000,5.000000,5.000000,21.000000,21.000000,22.000000,22.000000,23.000000,6.000000,6.000000,10.000000,5.000000,4.000000,4.000000,455.000000,665.000000,75.000000,1070.000000,1435.000000,3700.000000
140.000000,2020-05-19,"mai","ter",572.000000,21.000000,8.000000,1.000000,0.000000,0.000000,1.000000,368.000000,27.335640,6.000000,7.000000,7.000000,6.000000,5.000000,23.000000,24.000000,23.000000,25.000000,24.000000,6.000000,7.000000,13.000000,5.000000,4.000000,4.000000,565.000000,790.000000,75.000000,1162.000000,1600.000000,4192.000000
141.000000,2020-05-20,"mai","qua",643.000000,20.000000,5.000000,0.000000,0.000000,0.000000,1.000000,278.000000,20.346320,6.000000,7.000000,7.000000,6.000000,5.000000,26.000000,26.000000,27.000000,26.000000,25.000000,7.000000,8.000000,15.000000,6.000000,6.000000,5.000000,565.000000,790.000000,75.000000,1269.000000,1925.000000,4624.000000
142.000000,2020-05-21,"mai","qui",565.000000,26.000000,5.000000,0.000000,0.000000,0.000000,1.000000,287.000000,22.649573,7.000000,8.000000,7.000000,7.000000,6.000000,27.000000,26.000000,25.000000,27.000000,26.000000,8.000000,7.000000,14.000000,6.000000,6.000000,6.000000,650.000000,875.000000,90.000000,1270.000000,1930.000000,4815.000000
143.000000,2020-05-22,"mai","sex",617.000000,14.000000,5.000000,0.000000,0.000000,0.000000,1.000000,279.000000,15.767635,5.000000,5.000000,6.000000,6.000000,4.000000,24.000000,23.000000,23.000000,23.000000,23.000000,7.000000,7.000000,13.000000,6.000000,5.000000,5.000000,425.000000,750.000000,60.000000,1132.000000,1770.000000,4137.000000
144.000000,2020-05-23,"mai","sab",795.000000,21.000000,8.000000,1.000000,1.000000,0.000000,1.000000,366.000000,26.643599,8.000000,7.000000,7.000000,7.000000,6.000000,24.000000,23.000000,24.000000,23.000000,24.000000,6.000000,7.000000,13.000000,6.000000,5.000000,5.000000,625.000000,875.000000,90.000000,1157.000000,1735.000000,4482.000000
145.000000,2020-05-24,"mai","dom",752.000000,20.000000,5.000000,0.000000,1.000000,0.000000,1.000000,275.000000,19.047619,7.000000,7.000000,6.000000,7.000000,5.000000,25.000000,25.000000,24.000000,25.000000,24.000000,7.000000,7.000000,13.000000,6.000000,5.000000,5.000000,595.000000,835.000000,75.000000,1200.000000,1770.000000,4475.000000
146.000000,2020-05-25,"mai","seg",658.000000,26.000000,5.000000,0.000000,0.000000,0.000000,1.000000,286.000000,22.222222,7.000000,7.000000,7.000000,8.000000,6.000000,24.000000,23.000000,24.000000,23.000000,24.000000,7.000000,7.000000,11.000000,6.000000,5.000000,5.000000,595.000000,960.000000,90.000000,1157.000000,1680.000000,4482.000000
147.000000,2020-05-26,"mai","ter",519.000000,14.000000,5.000000,0.000000,0.000000,0.000000,1.000000,265.000000,9.958506,6.000000,5.000000,5.000000,5.000000,5.000000,26.000000,25.000000,26.000000,25.000000,25.000000,7.000000,7.000000,12.000000,6.000000,5.000000,5.000000,455.000000,625.000000,75.000000,1240.000000,1725.000000,4120.000000
148.000000,2020-05-27,"mai","qua",608.000000,21.000000,8.000000,1.000000,0.000000,0.000000,1.000000,357.000000,23.529412,7.000000,7.000000,6.000000,7.000000,6.000000,26.000000,25.000000,27.000000,25.000000,27.000000,8.000000,7.000000,15.000000,6.000000,5.000000,6.000000,595.000000,835.000000,90.000000,1280.000000,1940.000000,4740.000000
149.000000,2020-05-28,"mai","qui",695.000000,20.000000,5.000000,0.000000,0.000000,0.000000,1.000000,273.000000,18.181818,6.000000,7.000000,6.000000,6.000000,5.000000,27.000000,27.000000,26.000000,26.000000,26.000000,7.000000,7.000000,13.000000,6.000000,5.000000,6.000000,565.000000,750.000000,75.000000,1297.000000,1815.000000,4502.000000
150.000000,2020-05-29,"mai","sex",702.000000,26.000000,5.000000,0.000000,0.000000,0.000000,1.000000,289.000000,23.504274,7.000000,7.000000,7.000000,7.000000,6.000000,26.000000,25.000000,26.000000,25.000000,26.000000,7.000000,7.000000,13.000000,6.000000,5.000000,5.000000,595.000000,875.000000,90.000000,1255.000000,1770.000000,4585.000000
151.000000,2020-05-30,"mai","sab",576.000000,14.000000,5.000000,0.000000,1.000000,0.000000,1.000000,279.000000,15.767635,6.000000,5.000000,6.000000,6.000000,5.000000,27.000000,28.000000,28.000000,28.000000,29.000000,8.000000,7.000000,16.000000,6.000000,5.000000,6.000000,455.000000,750.000000,75.000000,1382.000000,1985.000000,4647.000000
152.000000,2020-05-31,"mai","dom",822.000000,21.000000,8.000000,1.000000,1.000000,0.000000,1.000000,368.000000,27.335640,8.000000,8.000000,7.000000,7.000000,6.000000,25.000000,26.000000,24.000000,24.000000,26.000000,7.000000,7.000000,11.000000,6.000000,5.000000,5.000000,680.000000,875.000000,90.000000,1247.000000,1680.000000,4572.000000
153.000000,2020-06-01,"jun","seg",639.000000,20.000000,5.000000,0.000000,0.000000,0.000000,1.000000,270.000000,16.883117,6.000000,6.000000,6.000000,7.000000,5.000000,26.000000,26.000000,27.000000,27.000000,26.000000,7.000000,7.000000,13.000000,6.000000,5.000000,5.000000,510.000000,835.000000,75.000000,1285.000000,1770.000000,4475.000000
154.000000,2020-06-02,"jun","ter",772.000000,26.000000,5.000000,0.000000,0.000000,0.000000,1.000000,282.000000,20.512821,7.000000,7.000000,7.000000,7.000000,5.000000,28.000000,27.000000,29.000000,27.000000,27.000000,8.000000,7.000000,17.000000,6.000000,6.000000,5.000000,595.000000,875.000000,75.000000,1348.000000,2020.000000,4913.000000
155.000000,2020-06-03,"jun","qua",462.000000,14.000000,5.000000,0.000000,0.000000,0.000000,1.000000,269.000000,11.618257,6.000000,6.000000,6.000000,6.000000,4.000000,30.000000,29.000000,30.000000,29.000000,30.000000,8.000000,8.000000,19.000000,6.000000,6.000000,6.000000,510.000000,750.000000,60.000000,1451.000000,2185.000000,4956.000000
156.000000,2020-06-04,"jun","qui",568.000000,21.000000,8.000000,1.000000,0.000000,0.000000,1.000000,357.000000,23.529412,7.000000,6.000000,7.000000,6.000000,6.000000,26.000000,26.000000,27.000000,27.000000,26.000000,8.000000,8.000000,13.000000,7.000000,6.000000,6.000000,540.000000,790.000000,90.000000,1285.000000,1970.000000,4675.000000
157.000000,2020-06-05,"jun","sex",580.000000,20.000000,5.000000,0.000000,0.000000,0.000000,1.000000,271.000000,17.316017,7.000000,6.000000,6.000000,7.000000,5.000000,27.000000,26.000000,26.000000,27.000000,26.000000,8.000000,8.000000,12.000000,7.000000,6.000000,6.000000,540.000000,835.000000,75.000000,1280.000000,1925.000000,4655.000000
158.000000,2020-06-06,"jun","sab",783.000000,26.000000,5.000000,0.000000,1.000000,0.000000,1.000000,291.000000,24.358974,7.000000,8.000000,8.000000,8.000000,6.000000,28.000000,27.000000,27.000000,27.000000,27.000000,8.000000,8.000000,13.000000,7.000000,6.000000,6.000000,650.000000,1000.000000,90.000000,1328.000000,1970.000000,5038.000000
159.000000,2020-06-07,"jun","dom",568.000000,14.000000,5.000000,0.000000,1.000000,0.000000,1.000000,269.000000,11.618257,6.000000,6.000000,6.000000,7.000000,5.000000,25.000000,25.000000,25.000000,26.000000,25.000000,8.000000,8.000000,13.000000,7.000000,6.000000,6.000000,510.000000,835.000000,75.000000,1226.000000,1970.000000,4616.000000
160.000000,2020-06-08,"jun","seg",640.000000,26.000000,5.000000,0.000000,0.000000,0.000000,1.000000,293.000000,25.213675,7.000000,7.000000,8.000000,7.000000,6.000000,27.000000,27.000000,26.000000,26.000000,26.000000,8.000000,8.000000,13.000000,7.000000,6.000000,6.000000,595.000000,915.000000,90.000000,1297.000000,1970.000000,4867.000000
161.000000,2020-06-09,"jun","ter",540.000000,26.000000,5.000000,0.000000,0.000000,0.000000,1.000000,281.000000,20.085470,7.000000,7.000000,7.000000,7.000000,5.000000,29.000000,29.000000,29.000000,29.000000,28.000000,8.000000,9.000000,14.000000,7.000000,7.000000,6.000000,595.000000,875.000000,75.000000,1406.000000,2080.000000,5031.000000
162.000000,2020-06-10,"jun","qua",575.000000,14.000000,5.000000,0.000000,0.000000,0.000000,1.000000,271.000000,12.448133,5.000000,5.000000,6.000000,5.000000,4.000000,30.000000,30.000000,31.000000,31.000000,31.000000,9.000000,9.000000,16.000000,7.000000,7.000000,7.000000,425.000000,665.000000,60.000000,1496.000000,2250.000000,4896.000000
163.000000,2020-06-11,"jun","qui",385.000000,20.000000,2.000000,0.000000,0.000000,1.000000,1.000000,34.000000,126.666667,3.000000,4.000000,4.000000,3.000000,3.000000,29.000000,27.000000,29.000000,28.000000,29.000000,8.000000,8.000000,15.000000,7.000000,6.000000,6.000000,310.000000,415.000000,45.000000,1384.000000,2060.000000,4214.000000
164.000000,2020-06-12,"jun","sex",450.000000,20.000000,2.000000,0.000000,0.000000,1.000000,1.000000,23.000000,53.333333,4.000000,4.000000,4.000000,4.000000,4.000000,30.000000,30.000000,29.000000,30.000000,29.000000,9.000000,9.000000,16.000000,7.000000,7.000000,6.000000,340.000000,500.000000,60.000000,1445.000000,2205.000000,4550.000000
165.000000,2020-06-13,"jun","sab",546.000000,21.000000,8.000000,1.000000,1.000000,0.000000,1.000000,362.000000,25.259516,7.000000,7.000000,7.000000,7.000000,6.000000,27.000000,27.000000,27.000000,26.000000,26.000000,8.000000,7.000000,11.000000,7.000000,6.000000,6.000000,595.000000,875.000000,90.000000,1307.000000,1850.000000,4717.000000
166.000000,2020-06-14,"jun","dom",659.000000,20.000000,5.000000,0.000000,1.000000,0.000000,1.000000,275.000000,19.047619,7.000000,6.000000,6.000000,7.000000,6.000000,31.000000,30.000000,31.000000,30.000000,29.000000,8.000000,9.000000,16.000000,7.000000,6.000000,7.000000,540.000000,835.000000,90.000000,1470.000000,2180.000000,5115.000000
167.000000,2020-06-15,"jun","seg",772.000000,26.000000,5.000000,0.000000,0.000000,0.000000,1.000000,295.000000,26.068376,7.000000,7.000000,7.000000,7.000000,5.000000,25.000000,24.000000,25.000000,24.000000,25.000000,7.000000,7.000000,8.000000,6.000000,6.000000,6.000000,595.000000,875.000000,75.000000,1206.000000,1625.000000,4376.000000
168.000000,2020-06-16,"jun","ter",442.000000,14.000000,5.000000,0.000000,0.000000,0.000000,1.000000,269.000000,11.618257,6.000000,5.000000,6.000000,6.000000,4.000000,28.000000,29.000000,29.000000,29.000000,29.000000,8.000000,8.000000,16.000000,7.000000,6.000000,6.000000,455.000000,750.000000,60.000000,1416.000000,2105.000000,4786.000000
169.000000,2020-06-17,"jun","qua",643.000000,21.000000,8.000000,1.000000,0.000000,0.000000,1.000000,361.000000,24.913495,6.000000,7.000000,7.000000,6.000000,5.000000,30.000000,30.000000,29.000000,29.000000,30.000000,8.000000,8.000000,17.000000,7.000000,7.000000,6.000000,565.000000,790.000000,75.000000,1459.000000,2185.000000,5074.000000
170.000000,2020-06-18,"jun","qui",507.000000,20.000000,5.000000,0.000000,0.000000,0.000000,1.000000,267.000000,15.584416,7.000000,6.000000,6.000000,7.000000,5.000000,29.000000,30.000000,30.000000,29.000000,31.000000,8.000000,8.000000,16.000000,7.000000,6.000000,7.000000,540.000000,835.000000,75.000000,1479.000000,2150.000000,5079.000000
171.000000,2020-06-19,"jun","sex",695.000000,26.000000,5.000000,0.000000,0.000000,0.000000,1.000000,285.000000,21.794872,7.000000,7.000000,7.000000,7.000000,5.000000,31.000000,30.000000,30.000000,30.000000,30.000000,9.000000,9.000000,15.000000,8.000000,7.000000,7.000000,595.000000,875.000000,75.000000,1475.000000,2260.000000,5280.000000
172.000000,2020-06-20,"jun","sab",682.000000,14.000000,5.000000,0.000000,1.000000,0.000000,1.000000,275.000000,14.107884,7.000000,6.000000,6.000000,6.000000,5.000000,32.000000,31.000000,32.000000,31.000000,31.000000,10.000000,10.000000,17.000000,8.000000,7.000000,8.000000,540.000000,750.000000,75.000000,1534.000000,2460.000000,5359.000000
173.000000,2020-06-21,"jun","dom",726.000000,21.000000,8.000000,1.000000,1.000000,0.000000,1.000000,359.000000,24.221453,7.000000,8.000000,7.000000,7.000000,6.000000,28.000000,30.000000,29.000000,28.000000,28.000000,9.000000,9.000000,13.000000,8.000000,7.000000,7.000000,650.000000,875.000000,90.000000,1418.000000,2170.000000,5203.000000
174.000000,2020-06-22,"jun","seg",667.000000,20.000000,5.000000,0.000000,0.000000,0.000000,1.000000,268.000000,16.017316,6.000000,6.000000,6.000000,6.000000,5.000000,32.000000,31.000000,31.000000,30.000000,32.000000,10.000000,9.000000,17.000000,8.000000,7.000000,8.000000,510.000000,750.000000,75.000000,1538.000000,2430.000000,5303.000000
175.000000,2020-06-23,"jun","ter",551.000000,26.000000,5.000000,0.000000,0.000000,0.000000,1.000000,281.000000,20.085470,8.000000,7.000000,7.000000,7.000000,5.000000,31.000000,30.000000,32.000000,31.000000,30.000000,9.000000,10.000000,15.000000,8.000000,8.000000,8.000000,625.000000,875.000000,75.000000,1496.000000,2370.000000,5441.000000
176.000000,2020-06-24,"jun","qua",448.000000,14.000000,5.000000,0.000000,0.000000,0.000000,1.000000,265.000000,9.958506,6.000000,5.000000,6.000000,6.000000,5.000000,34.000000,33.000000,34.000000,34.000000,34.000000,10.000000,10.000000,19.000000,8.000000,8.000000,8.000000,455.000000,750.000000,75.000000,1648.000000,2585.000000,5513.000000
177.000000,2020-06-25,"jun","qui",572.000000,21.000000,8.000000,1.000000,0.000000,0.000000,1.000000,364.000000,25.951557,6.000000,7.000000,7.000000,6.000000,5.000000,29.000000,30.000000,30.000000,29.000000,31.000000,9.000000,9.000000,13.000000,8.000000,7.000000,7.000000,565.000000,790.000000,75.000000,1479.000000,2170.000000,5079.000000
178.000000,2020-06-26,"jun","sex",556.000000,20.000000,5.000000,0.000000,0.000000,0.000000,1.000000,280.000000,21.212121,6.000000,7.000000,6.000000,6.000000,5.000000,26.000000,26.000000,26.000000,27.000000,26.000000,8.000000,8.000000,8.000000,7.000000,7.000000,7.000000,565.000000,750.000000,75.000000,1275.000000,1825.000000,4490.000000
179.000000,2020-06-27,"jun","sab",765.000000,26.000000,5.000000,0.000000,1.000000,0.000000,1.000000,291.000000,24.358974,7.000000,8.000000,7.000000,8.000000,6.000000,30.000000,31.000000,30.000000,31.000000,31.000000,9.000000,8.000000,13.000000,8.000000,7.000000,7.000000,650.000000,960.000000,90.000000,1504.000000,2140.000000,5344.000000
180.000000,2020-06-28,"jun","dom",726.000000,14.000000,5.000000,0.000000,1.000000,0.000000,1.000000,270.000000,12.033195,7.000000,8.000000,7.000000,7.000000,6.000000,32.000000,30.000000,31.000000,31.000000,31.000000,9.000000,9.000000,16.000000,8.000000,7.000000,7.000000,650.000000,875.000000,90.000000,1506.000000,2305.000000,5426.000000
181.000000,2020-06-29,"jun","seg",885.000000,26.000000,5.000000,0.000000,0.000000,0.000000,1.000000,294.000000,25.641026,8.000000,8.000000,8.000000,8.000000,6.000000,34.000000,32.000000,33.000000,33.000000,34.000000,9.000000,9.000000,16.000000,8.000000,7.000000,7.000000,680.000000,1000.000000,90.000000,1619.000000,2305.000000,5694.000000
182.000000,2020-06-30,"jun","ter",663.000000,14.000000,5.000000,0.000000,0.000000,0.000000,1.000000,266.000000,10.373444,6.000000,6.000000,7.000000,7.000000,6.000000,33.000000,33.000000,34.000000,33.000000,33.000000,9.000000,10.000000,16.000000,8.000000,8.000000,7.000000,510.000000,875.000000,90.000000,1627.000000,2370.000000,5472.000000
